LoincNumber,LongCommonName
41806-1,CT Abdomen
79066-7,CT Abdomen 3D post processing WO contrast
44115-4,CT Abdomen and Pelvis
79065-9,CT Abdomen and Pelvis 3D post processing WO contrast
87854-6,CT Abdomen and Pelvis and CT angiogram Abdominal aorta W contrast IV
87853-8,CT Abdomen and Pelvis and CT angiogram Abdominal aorta WO and W contrast IV
88319-9,CT Abdomen and Pelvis and Lower extremity - bilateral W contrast IV
36813-4,CT Abdomen and Pelvis W contrast IV
87865-2,CT Abdomen and Pelvis WO and CT Chest and Abdomen and Pelvis W contrast IV
42274-1,CT Abdomen and Pelvis WO and W contrast IV
36952-0,CT Abdomen and Pelvis WO contrast
36086-7,CT Abdomen limited
36095-8,CT Abdomen limited W contrast IV
36102-2,CT Abdomen limited WO and W contrast IV
36103-0,CT Abdomen limited WO contrast
79103-8,CT Abdomen W contrast IV
46330-7,CT Abdomen W reduced contrast volume IV
87862-9,CT Abdomen WO and CT Abdomen and Pelvis W contrast IV
87864-5,CT Abdomen WO and CT Chest and Abdomen and Pelvis W contrast IV
87863-7,CT Abdomen WO and CT Chest and Abdomen W contrast IV
36267-3,CT Abdomen WO and W contrast IV
46318-2,CT Abdomen WO and W reduced contrast volume IV
36424-0,CT Abdomen WO contrast
35948-9,CT Abdominal Aorta
36143-6,CT Abdominal Aorta W contrast IV
36271-5,CT Abdominal Aorta WO and W contrast IV
36431-5,CT Abdominal Aorta WO contrast
36930-6,CT Adrenal gland
36943-9,CT Adrenal gland W contrast IV
36950-4,CT Adrenal gland WO and W contrast IV
36953-8,CT Adrenal gland WO contrast
79067-5,CT Airway WO contrast
35940-6,CT Ankle
35941-4,CT Ankle - bilateral
69087-5,CT Ankle - bilateral WO contrast
35942-2,CT Ankle - left
69102-2,CT Ankle - left Arthrogram
36137-8,CT Ankle - left W contrast IV
36269-9,CT Ankle - left WO and W contrast IV
36426-5,CT Ankle - left WO contrast
35944-8,CT Ankle - right
69109-7,CT Ankle - right Arthrogram
36139-4,CT Ankle - right W contrast IV
36270-7,CT Ankle - right WO and W contrast IV
36428-1,CT Ankle - right WO contrast
36135-2,CT Ankle W contrast IV
36268-1,CT Ankle WO and W contrast IV
36425-7,CT Ankle WO contrast
35952-1,CT Appendix
36145-1,CT Appendix W contrast IV
36434-9,CT Appendix WO contrast
79085-7,CT Biliary ducts WO and W contrast IV
44229-3,CT Bone
36054-5,CT Brachial plexus
89835-3,CT Brachial plexus W contrast IV
89836-1,CT Brachial plexus WO contrast
44119-6,CT Breast - bilateral WO contrast
24734-6,CT Cerebral cisterns W contrast IT
86984-2,CT Cervical and thoracic and lumbar spine W contrast IV
86987-5,CT Cervical and thoracic and lumbar spine WO contrast
87922-1,CT Cervical and thoracic spine W contrast IT
86985-9,CT Cervical and thoracic spine W contrast IV
86959-4,CT Cervical and thoracic spine WO and W contrast IV
83304-6,CT Cervical and thoracic spine WO contrast
24932-6,CT Cervical spine
79078-2,CT Cervical spine by reconstruction W contrast IV
79079-0,CT Cervical spine by reconstruction WO contrast
36099-0,CT Cervical spine limited W contrast IV
36109-7,CT Cervical spine limited WO contrast
37496-7,CT Cervical spine W contrast intradisc
24934-2,CT Cervical spine W contrast IT
24933-4,CT Cervical spine W contrast IV
36401-8,CT Cervical spine WO and W contrast IV
30592-0,CT Cervical spine WO contrast
24627-2,CT Chest
79096-4,CT Chest 3D post processing WO contrast
79097-2,CT Chest and Abdomen 3D post processing WO contrast
87869-4,CT Chest and Abdomen and Pelvis
79098-0,CT Chest and Abdomen and Pelvis 3D post processing WO contrast
72254-6,CT Chest and Abdomen and Pelvis W contrast IV
72252-0,CT Chest and Abdomen and Pelvis WO and W contrast IV
83299-8,CT Chest and Abdomen and Pelvis WO and W contrast IV and CTA Thoracic and abdominal aorta WO and W contrast IV
72253-8,CT Chest and Abdomen and Pelvis WO contrast
42275-8,CT Chest and Abdomen W contrast IV
42277-4,CT Chest and Abdomen WO and W contrast IV
42276-6,CT Chest and Abdomen WO contrast
87279-6,CT Chest for screening
79068-3,CT Chest for screening W contrast IV
79086-5,CT Chest for screening WO contrast
36089-1,CT Chest limited
69096-6,CT Chest limited W contrast IV
47366-0,CT Chest limited WO contrast
24628-0,CT Chest W contrast IV
88322-3,CT Chest W contrast IV and CT angiogram Pulmonary arteries for pulmonary embolus W contrast IV
89860-1,CT Chest W inspiration and expiration
46327-3,CT Chest W reduced contrast volume IV
87847-0,CT Chest WO and CT angiogram Coronary arteries W contrast IV
30598-7,CT Chest WO and W contrast IV
46317-4,CT Chest WO and W reduced contrast volume IV
29252-4,CT Chest WO contrast
35960-4,CT Clavicle
89834-6,CT Clavicle - bilateral WO contrast
87871-0,CT Clavicle - left
82716-2,CT Clavicle - left W contrast IV
82682-6,CT Clavicle - left WO contrast
87872-8,CT Clavicle - right
82686-7,CT Clavicle - right W contrast IV
82683-4,CT Clavicle - right WO contrast
82685-9,CT Clavicle W contrast IV
82684-2,CT Clavicle WO and W contrast IV
82687-5,CT Clavicle WO contrast
79101-2,CT Colon and Rectum for screening W air contrast PR
79069-1,CT Colon and Rectum for screening WO contrast IV and W air contrast PR
60515-4,CT Colon and Rectum W air contrast PR
72531-7,CT Colon and Rectum W contrast IV and W air contrast PR
82688-3,CT Colon and Rectum WO and W contrast IV and W air contrast PR
79071-7,CT Colon and Rectum WO contrast IV and W air contrast PR
79090-7,CT densitometry Lumbar spine WO contrast
79092-3,CT densitometry Thoracic spine WO contrast
35962-0,CT Elbow
35965-3,CT Elbow - bilateral
36444-8,CT Elbow - bilateral WO contrast
35966-1,CT Elbow - left
69103-0,CT Elbow - left Arthrogram
36159-2,CT Elbow - left W contrast IV
36286-3,CT Elbow - left WO and W contrast IV
36445-5,CT Elbow - left WO contrast
35968-7,CT Elbow - right
69110-5,CT Elbow - right Arthrogram
36161-8,CT Elbow - right W contrast IV
36287-1,CT Elbow - right WO and W contrast IV
36447-1,CT Elbow - right WO contrast
36157-6,CT Elbow W contrast IV
36285-5,CT Elbow WO and W contrast IV
36443-0,CT Elbow WO contrast
35969-5,CT Esophagus
24690-0,CT Extremity
26224-6,CT Extremity - bilateral
26184-2,CT Extremity - bilateral W contrast IV
26226-1,CT Extremity - left
26185-9,CT Extremity - left W contrast IV
69104-8,CT Extremity - left WO contrast
26231-1,CT Extremity - right
26186-7,CT Extremity - right W contrast IV
69111-3,CT Extremity - right WO contrast
36090-9,CT Extremity limited
24691-8,CT Extremity W contrast IV
42268-3,CT Extremity WO and W contrast IV
42278-2,CT Extremity WO contrast
82132-2,CT Face and Neck WO and W contrast IV
82133-0,CT Face and Neck WO contrast
24696-7,CT Facial bones
24697-5,CT Facial bones W contrast IV
72249-6,CT Facial bones WO contrast
89850-2,CT Finger - left WO contrast
89849-4,CT Finger - right WO contrast
87886-8,CT Finger fifth - left WO contrast
87890-0,CT Finger fifth - right WO contrast
87887-6,CT Finger fourth - left W contrast IV
87891-8,CT Finger fourth - right WO contrast
87888-4,CT Finger second - left WO contrast
87892-6,CT Finger second - right WO contrast
87893-4,CT Finger third - right WO contrast
87895-9,CT Finger WO contrast
35991-9,CT Foot
35993-5,CT Foot - bilateral
86973-5,CT Foot - bilateral W contrast IV
86967-7,CT Foot - bilateral WO contrast
35994-3,CT Foot - left
36181-6,CT Foot - left W contrast IV
36343-2,CT Foot - left WO and W contrast IV
36468-7,CT Foot - left WO contrast
35996-8,CT Foot - right
36183-2,CT Foot - right W contrast IV
36345-7,CT Foot - right WO and W contrast IV
36470-3,CT Foot - right WO contrast
36178-2,CT Foot W contrast IV
36341-6,CT Foot WO and W contrast IV
36466-1,CT Foot WO contrast
83289-9,CT for calcium scoring WO contrast and CTA W contrast IV Heart and coronary arteries
35997-6,CT Forearm
35998-4,CT Forearm - bilateral
35999-2,CT Forearm - left
36187-3,CT Forearm - left W contrast IV
36348-1,CT Forearm - left WO and W contrast IV
36473-7,CT Forearm - left WO contrast
36000-8,CT Forearm - right
36189-9,CT Forearm - right W contrast IV
36350-7,CT Forearm - right WO and W contrast IV
36475-2,CT Forearm - right WO contrast
36185-7,CT Forearm W contrast IV
36347-3,CT Forearm WO and W contrast IV
36472-9,CT Forearm WO contrast
89711-6,CT Guidance for 1 level injection of Spine facet joint
89710-8,CT Guidance for 2 levels injection of Spine facet joint
46365-3,CT Guidance for ablation of tissue of Celiac plexus
44228-5,CT Guidance for ablation of tissue of Kidney
89606-8,CT Guidance for ablation of tissue of Kidney - left
89605-0,CT Guidance for ablation of tissue of Kidney - right
44101-4,CT Guidance for ablation of tissue of Liver
58747-7,CT Guidance for ablation of tissue of Unspecified body region
36926-4,CT Guidance for aspiration and placement of drainage tube of Abdomen
37210-2,CT Guidance for aspiration of cyst of Abdomen
89628-2,CT Guidance for aspiration of cyst of Ileum - left
89627-4,CT Guidance for aspiration of cyst of Ileum - right
89625-8,CT Guidance for aspiration of cyst of Kidney
89604-3,CT Guidance for aspiration of cyst of Kidney - bilateral
89602-7,CT Guidance for aspiration of cyst of Kidney - left
89603-5,CT Guidance for aspiration of cyst of Kidney - right
89617-5,CT Guidance for aspiration of cyst of Kidney-- W contrast IV
89618-3,CT Guidance for aspiration of cyst of Kidney-- WO contrast
89629-0,CT Guidance for aspiration of cyst of Lung - left
89630-8,CT Guidance for aspiration of cyst of Lung - right
89616-7,CT Guidance for aspiration of cyst of Pancreas-- WO contrast
35887-9,CT Guidance for aspiration of cyst of Unspecified body region
25042-3,CT Guidance for aspiration or biopsy of Unspecified body region
25041-5,CT Guidance for aspiration or biopsy of Unspecified body region-- W contrast IV
46281-2,CT Guidance for aspiration or injection of cyst of Unspecified body region
30601-9,CT Guidance for biopsy of Abdomen
89620-9,CT Guidance for biopsy of Abdomen-- W contrast IV
69083-4,CT Guidance for biopsy of Abdomen-- WO contrast
36767-2,CT Guidance for biopsy of Adrenal gland
37211-0,CT Guidance for biopsy of Bone marrow
35893-7,CT Guidance for biopsy of Breast
35904-2,CT Guidance for biopsy of Cervical spine
35895-2,CT Guidance for biopsy of Chest
37492-6,CT Guidance for biopsy of Chest Pleura
35909-1,CT Guidance for biopsy of Chest-- W contrast IV
35910-9,CT Guidance for biopsy of Chest-- WO and W contrast IV
35911-7,CT Guidance for biopsy of Chest-- WO contrast
37212-8,CT Guidance for biopsy of Epididymis
35892-9,CT Guidance for biopsy of Head
42136-2,CT Guidance for biopsy of Heart
42279-0,CT Guidance for biopsy of Kidney
30607-6,CT Guidance for biopsy of Kidney - bilateral
88325-6,CT Guidance for biopsy of Kidney - left
88323-1,CT Guidance for biopsy of Kidney - right
89621-7,CT Guidance for biopsy of Kidney-- W contrast IV
89614-2,CT Guidance for biopsy of Kidney-- WO contrast
24812-0,CT Guidance for biopsy of Liver
69092-5,CT Guidance for biopsy of Liver-- WO contrast
35896-0,CT Guidance for biopsy of Lower extremity
35905-9,CT Guidance for biopsy of Lumbar spine
24823-7,CT Guidance for biopsy of Lung
88324-9,CT Guidance for biopsy of Lung - left
88526-9,CT Guidance for biopsy of Lung - right
35901-8,CT Guidance for biopsy of Lymph node
36927-2,CT Guidance for biopsy of Maxillofacial region
37213-6,CT Guidance for biopsy of Mediastinum
24838-5,CT Guidance for biopsy of Neck
82681-8,CT Guidance for biopsy of Oral tissue
30604-3,CT Guidance for biopsy of Pancreas
89619-1,CT Guidance for biopsy of Pancreas-- W contrast IV
24864-1,CT Guidance for biopsy of Pelvis
69093-3,CT Guidance for biopsy of Pelvis-- W contrast IV
69094-1,CT Guidance for biopsy of Pelvis-- WO contrast
89858-5,CT Guidance for biopsy of Pleura - left
89857-7,CT Guidance for biopsy of Pleura - right
35903-4,CT Guidance for biopsy of Prostate
44117-0,CT Guidance for biopsy of Retroperitoneum
89830-4,CT Guidance for biopsy of Retroperitoneum-- W contrast IV
89829-6,CT Guidance for biopsy of Retroperitoneum-- WO contrast
35898-6,CT Guidance for biopsy of Salivary gland
89959-1,CT Guidance for biopsy of Soft tissue
88316-5,CT Guidance for biopsy of Spinal cord
24986-2,CT Guidance for biopsy of Spine
30609-2,CT Guidance for biopsy of Spleen
89839-5,CT Guidance for biopsy of Sternum
35906-7,CT Guidance for biopsy of Thoracic spine
35908-3,CT Guidance for biopsy of Thyroid gland
25044-9,CT Guidance for biopsy of Unspecified body region
42260-0,CT Guidance for biopsy of Unspecified body region-- W contrast IV
46289-5,CT Guidance for biopsy of Unspecified body region-- WO and W contrast IV
46290-3,CT Guidance for biopsy of Unspecified body region-- WO contrast
35897-8,CT Guidance for biopsy of Upper extremity
24813-8,CT Guidance for core needle biopsy of Liver
89958-3,CT Guidance for cryoablation of Pelvis
43567-7,CT Guidance for deep biopsy of Bone
44109-7,CT Guidance for deep biopsy of Muscle
90315-3,CT Guidance for deep biopsy of Soft tissue
89832-0,CT Guidance for deep biopsy of Tissue
89932-8,CT Guidance for deep placement of needle of Unspecified body region
35913-3,CT Guidance for drainage of Abdomen
89615-9,CT Guidance for drainage of Abdomen-- W contrast IV
89613-4,CT Guidance for drainage of Abdomen-- WO contrast
35884-6,CT Guidance for drainage of abscess of Abdomen
42280-8,CT Guidance for drainage of abscess of Appendix
42281-6,CT Guidance for drainage of abscess of Chest
42285-7,CT Guidance for drainage of abscess of Kidney
89961-7,CT Guidance for drainage of abscess of Kidney - left
89960-9,CT Guidance for drainage of abscess of Kidney - right
42282-4,CT Guidance for drainage of abscess of Liver
89720-7,CT Guidance for drainage of abscess of Lung - left
89719-9,CT Guidance for drainage of abscess of Lung - right
42286-5,CT Guidance for drainage of abscess of Pelvis
89854-4,CT Guidance for drainage of abscess of Perirenal space - left
89855-1,CT Guidance for drainage of abscess of Perirenal space - right
89624-1,CT Guidance for drainage of abscess of Peritoneal space
42284-0,CT Guidance for drainage of abscess of Pleural space
75746-8,CT Guidance for drainage of abscess of Pleural space - bilateral
75752-6,CT Guidance for drainage of abscess of Pleural space - left
75818-5,CT Guidance for drainage of abscess of Pleural space - right
89721-5,CT Guidance for drainage of abscess of Retroperitoneum
43502-4,CT Guidance for drainage of abscess of Subphrenic space
30578-9,CT Guidance for drainage of abscess of Unspecified body region
35914-1,CT Guidance for drainage of Anus
35915-8,CT Guidance for drainage of Appendix
36770-6,CT Guidance for drainage of Biliary ducts and Gallbladder
35916-6,CT Guidance for drainage of Chest
35923-2,CT Guidance for drainage of Chest-- W contrast IV
35924-0,CT Guidance for drainage of Chest-- WO contrast
35917-4,CT Guidance for drainage of Gallbladder
35918-2,CT Guidance for drainage of Kidney
35919-0,CT Guidance for drainage of Liver
90317-9,CT Guidance for drainage of Lower extremity - left
90318-7,CT Guidance for drainage of Lower extremity - right
90319-5,CT Guidance for drainage of Lung - left
90309-6,CT Guidance for drainage of Lung - right
35920-8,CT Guidance for drainage of Lymph node
42283-2,CT Guidance for drainage of Pancreas
35921-6,CT Guidance for drainage of Pelvis
89696-9,CT Guidance for drainage of Pelvis-- W contrast IV
89695-1,CT Guidance for drainage of Pelvis-- WO contrast
89931-0,CT Guidance for drainage of Perirectal region
89623-3,CT Guidance for drainage of Peritoneal space
90313-8,CT Guidance for drainage of Pleural space - left
89697-7,CT Guidance for drainage of pseudocyst of Pancreas
42287-3,CT Guidance for drainage of Retroperitoneum
90314-6,CT Guidance for drainage of Retroperitoneum-- W contrast IV
90310-4,CT Guidance for drainage of Retroperitoneum-- WO contrast
89831-2,CT Guidance for drainage of Subphrenic space
35922-4,CT Guidance for drainage of Unspecified body region
46292-9,CT Guidance for drainage of Unspecified body region-- W contrast IV
46291-1,CT Guidance for drainage of Unspecified body region-- WO and W contrast IV
46293-7,CT Guidance for drainage of Unspecified body region-- WO contrast
36769-8,CT Guidance for exchange of nephrostomy tube of Kidney
30602-7,CT Guidance for fine needle aspiration of Abdomen
44108-9,CT Guidance for fine needle aspiration of Adrenal gland
43757-4,CT Guidance for fine needle aspiration of Kidney
30608-4,CT Guidance for fine needle aspiration of Kidney - bilateral
30603-5,CT Guidance for fine needle aspiration of Liver
30595-3,CT Guidance for fine needle aspiration of Lung
44103-0,CT Guidance for fine needle aspiration of Lymph node
44104-8,CT Guidance for fine needle aspiration of Mediastinum
44105-5,CT Guidance for fine needle aspiration of Muscle
30605-0,CT Guidance for fine needle aspiration of Pancreas
30606-8,CT Guidance for fine needle aspiration of Pelvis
44107-1,CT Guidance for fine needle aspiration of Retroperitoneum
30610-0,CT Guidance for fine needle aspiration of Spleen
30580-5,CT Guidance for fine needle aspiration of Unspecified body region
35886-1,CT Guidance for fluid aspiration of Breast
75748-4,CT Guidance for fluid aspiration of Cervical spine Intervertebral disc
88317-3,CT Guidance for fluid aspiration of Chest
89955-9,CT Guidance for fluid aspiration of Hip - bilateral
89956-7,CT Guidance for fluid aspiration of Hip - left
89957-5,CT Guidance for fluid aspiration of Hip - right
89929-4,CT Guidance for fluid aspiration of Intervertebral disc
82676-8,CT Guidance for fluid aspiration of Knee - left
82715-4,CT Guidance for fluid aspiration of Knee - right
24811-2,CT Guidance for fluid aspiration of Liver
89928-6,CT Guidance for fluid aspiration of Lumbar spine Intervertebral disc
24822-9,CT Guidance for fluid aspiration of Lung
89608-4,CT Guidance for fluid aspiration of Lung - left
89607-6,CT Guidance for fluid aspiration of Lung - right
24837-7,CT Guidance for fluid aspiration of Neck
24856-7,CT Guidance for fluid aspiration of Pancreas
24863-3,CT Guidance for fluid aspiration of Pelvis
89609-2,CT Guidance for fluid aspiration of Pericardial space
89622-5,CT Guidance for fluid aspiration of Peritoneal space
37491-8,CT Guidance for fluid aspiration of Pleural space
89612-6,CT Guidance for fluid aspiration of Pleural space - left
89611-8,CT Guidance for fluid aspiration of Pleural space - right
89952-6,CT Guidance for fluid aspiration of Sacroiliac joint - right
89954-2,CT Guidance for fluid aspiration of Shoulder - left
89953-4,CT Guidance for fluid aspiration of Shoulder - right
25043-1,CT Guidance for fluid aspiration of Unspecified body region
44106-3,CT Guidance for FNA of Prostate
89709-0,CT Guidance for greater than 2 levels for injection of Spine facet joint
89699-3,CT Guidance for injection of Ankle - left
89698-5,CT Guidance for injection of Ankle - right
37493-4,CT Guidance for injection of Cervical spine Intervertebral disc
87916-3,CT Guidance for injection of cyst of Unspecified body region
90307-0,CT Guidance for injection of Foot joint - right
89701-7,CT Guidance for injection of Hip - left
89700-9,CT Guidance for injection of Hip - right
24769-2,CT Guidance for injection of Joint space
89706-6,CT Guidance for injection of Knee - bilateral
89708-2,CT Guidance for injection of Knee - left
89707-4,CT Guidance for injection of Knee - right
90336-9,CT Guidance for injection of Muscle
24901-1,CT Guidance for injection of Sacroiliac Joint
26319-4,CT Guidance for injection of Sacroiliac joint - bilateral
26320-2,CT Guidance for injection of Sacroiliac joint - left
26321-0,CT Guidance for injection of Sacroiliac joint - right
89702-5,CT Guidance for injection of Shoulder - bilateral
89703-3,CT Guidance for injection of Shoulder - left
89704-1,CT Guidance for injection of Shoulder - right
30579-7,CT Guidance for injection of Spine facet joint
90335-1,CT Guidance for injection of Spine Lumbar Facet Joint
90334-4,CT Guidance for injection of Spine Thoracic Facet Joint
90372-4,CT Guidance for injection of Tendon
90373-2,CT Guidance for injection of Tendon or ligament
89705-8,CT Guidance for injection of Wrist - left
35928-1,CT Guidance for localization of Breast - left
35929-9,CT Guidance for localization of Breast - right
42701-3,CT Guidance for localization of placenta of Uterus
44110-5,CT Guidance for needle localization of Breast
44118-8,CT Guidance for needle localization of Breast-- WO and W contrast IV
42021-6,CT Guidance for needle localization of Cervical spine
42020-8,CT Guidance for needle localization of Lumbar spine
90308-8,CT Guidance for needle localization of Thoracic spine
39026-0,CT Guidance for needle localization of Unspecified body region
35930-7,CT Guidance for nerve block of Abdomen
24623-1,CT Guidance for nerve block of Celiac plexus
70921-2,CT Guidance for nerve block of Cervical spine
35932-3,CT Guidance for nerve block of Lumbar spine
35931-5,CT Guidance for nerve block of Pelvis
42688-2,CT Guidance for nerve block of Spine
70922-0,CT Guidance for nerve block of Thoracic spine
35891-1,CT guidance for percutaneous biopsy of Bone
36768-0,CT Guidance for percutaneous biopsy of Muscle
43444-9,CT Guidance for percutaneous drainage of abscess of Unspecified body region
52790-3,CT Guidance for percutaneous replacement of drainage tube of Abdomen
52791-1,CT Guidance for percutaneous replacement of drainage tube of Pelvis
90311-2,CT Guidance for percutaneous replacement of drainage tube of Unspecified body region
35934-9,CT Guidance for percutaneous vertebroplasty of Lumbar spine
35933-1,CT Guidance for percutaneous vertebroplasty of Spine
35935-6,CT Guidance for percutaneous vertebroplasty of Thoracic spine
89610-0,CT Guidance for placement of catheter in Peritoneal space
36772-2,CT Guidance for placement of nephrostomy tube in Kidney
35937-2,CT Guidance for placement of radiation therapy fields in Unspecified body region
35938-0,CT Guidance for placement of tube in Chest
44102-2,CT Guidance for procedure of Joint space
79072-5,CT Guidance for radiation treatment of Unspecified body region
79072-5,CT Guidance for radiation treatment of Unspecified body region
79072-5,CT Guidance for radiation treatment of Unspecified body region
30581-3,CT Guidance for radiation treatment of Unspecified body region-- W contrast IV
30582-1,CT Guidance for radiation treatment of Unspecified body region-- WO contrast
89930-2,CT Guidance for radiofrequency ablation of Bone
89962-5,CT Guidance for radiofrequency ablation of Lung
25053-0,CT Guidance for radiosurgery of Unspecified body region
25054-8,CT Guidance for radiosurgery of Unspecified body region-- W contrast IV
36928-0,CT Guidance for stereotactic biopsy of Head
24585-2,CT Guidance for stereotactic biopsy of Head-- W contrast IV
36929-8,CT Guidance for stereotactic biopsy of Head-- WO contrast
88321-5,CT Guidance for stereotactic localization of Unspecified body region
89718-1,CT Guidance for stereotactic localization of Unspecified body region-- W contrast IV
89717-3,CT Guidance for stereotactic localization of Unspecified body region-- WO and W contrast IV
89856-9,CT Guidance for stereotactic localization of Unspecified body region-- WO contrast
42265-9,CT Guidance for superficial biopsy of Bone
89828-8,CT Guidance for superficial biopsy of Muscle
90316-1,CT Guidance for superficial biopsy of Soft tissue
37214-4,CT Guidance for superficial biopsy of Tissue
89859-3,CT Guidance for transrectal drainage of abscess of Pelvis
36002-4,CT Hand
36004-0,CT Hand - bilateral
86968-5,CT Hand - bilateral W contrast IV
36005-7,CT Hand - left
36193-1,CT Hand - left W contrast IV
36353-1,CT Hand - left WO and W contrast IV
36478-6,CT Hand - left WO contrast
36007-3,CT Hand - right
36195-6,CT Hand - right W contrast IV
36355-6,CT Hand - right WO and W contrast IV
36480-2,CT Hand - right WO contrast
36191-5,CT Hand W contrast IV
36352-3,CT Hand WO and W contrast IV
36477-8,CT Hand WO contrast
24725-4,CT Head
82690-9,CT Head and Cervical spine WO contrast
90352-6,CT Head and CT Brain for perfusion and CT angiogram Head vessels WO and W contrast IV
83307-9,CT Head and Mandible WO contrast
86991-7,CT Head and Maxillofacial region and Cervical spine WO contrast
87908-0,CT Head and Maxillofacial region W contrast IV
87911-4,CT Head and Maxillofacial region WO and W contrast IV
83306-1,CT Head and Maxillofacial region WO contrast
82691-7,CT Head and Neck W contrast IV
86972-7,CT Head and Neck WO and W contrast IV
82692-5,CT Head and Neck WO contrast
86989-1,CT Head and Orbit - bilateral W contrast IV
89845-2,CT Head and Orbit - bilateral WO and W contrast IV
86990-9,CT Head and Orbit - bilateral WO contrast
87897-5,CT Head and Pituitary and Sella turcica W contrast IV
86978-4,CT Head and Sinuses W contrast IV
87910-6,CT Head and Sinuses WO and W contrast IV
86992-5,CT Head and Sinuses WO contrast
86977-6,CT Head and Temporal bone W contrast IV
89844-5,CT Head and Temporal bone WO and W contrast IV
83302-0,CT Head and Temporal bone WO contrast
36087-5,CT Head limited
36104-8,CT Head limited WO contrast
24727-0,CT Head W contrast IV
88327-2,CT Head W contrast IV and CT angiogram Head and neck vessels W contrast IV
83296-4,CT Head W contrast IV and CT Orbit - bilateral WO and W contrast IV
46328-1,CT Head W reduced contrast volume IV
24726-2,CT Head WO and W contrast IV
82804-6,CT Head WO and W contrast IV and CT Neck W contrast IV
82742-8,CT Head WO and W contrast IV and CT Orbit - bilateral W contrast IV
82802-0,CT Head WO and W contrast IV and CT Sinuses W contrast IV
82803-8,CT Head WO and W contrast IV and CT Temporal bone W contrast IV
46316-6,CT Head WO and W reduced contrast volume IV
30799-1,CT Head WO contrast
88315-7,CT Head WO contrast and CT Brain for perfusion W contrast IV and CT angiogram Head and neck vessels W contrast IV
88326-4,CT Head WO contrast and CT Brain for perfusion W contrast IV and CT angiogram Head vessels W contrast IV
58744-4,CT Heart
89927-8,CT Heart and aortic root WO contrast for calcium scoring + CTA W contrast IV
79087-3,CT Heart and Coronary arteries for calcium scoring WO contrast
36934-8,CT Heart for calcium scoring
36935-5,CT Heart for calcium scoring W contrast IV
79088-1,CT Heart for congenital disease W contrast IV
86975-0,CT Heart for left ventricular function W contrast IV
79089-9,CT Heart W contrast IV
86956-0,CT Heart WO contrast IV and CT Heart for left ventricular function W contrast IV
77466-1,CT Hindfoot - left and Midfoot - left W contrast IV
77468-7,CT Hindfoot - left and Midfoot - left WO and W contrast IV
77470-3,CT Hindfoot - left and Midfoot - left WO contrast
77467-9,CT Hindfoot - right and Midfoot - right W contrast IV
77469-5,CT Hindfoot - right and Midfoot - right WO and W contrast IV
77471-1,CT Hindfoot - right and Midfoot - right WO contrast
77448-9,CT Hindfoot and Midfoot
77456-2,CT Hindfoot and Midfoot W contrast IV
77457-0,CT Hindfoot and Midfoot WO and W contrast IV
77458-8,CT Hindfoot and Midfoot WO contrast
36014-9,CT Hip
36016-4,CT Hip - bilateral
36201-2,CT Hip - bilateral W contrast IV
36360-6,CT Hip - bilateral WO and W contrast IV
36485-1,CT Hip - bilateral WO contrast
36018-0,CT Hip - left
69105-5,CT Hip - left Arthrogram
36203-8,CT Hip - left W contrast IV
36362-2,CT Hip - left WO and W contrast IV
36487-7,CT Hip - left WO contrast
36021-4,CT Hip - right
69112-1,CT Hip - right Arthrogram
36205-3,CT Hip - right W contrast IV
36364-8,CT Hip - right WO and W contrast IV
36489-3,CT Hip - right WO contrast
36092-5,CT Hip limited
36200-4,CT Hip W contrast IV
36359-8,CT Hip WO and W contrast IV
36484-4,CT Hip WO contrast
35958-8,CT Internal auditory canal
35957-0,CT Internal auditory canal - left
38767-0,CT Internal auditory canal - right
30583-9,CT Internal auditory canal W contrast IV
46325-7,CT Internal auditory canal W reduced contrast volume IV
36282-2,CT Internal auditory canal WO and W contrast IV
46314-1,CT Internal auditory canal WO and W reduced contrast volume IV
30584-7,CT Internal auditory canal WO contrast
36811-8,CT Joint Arthrogram
43767-3,CT Kidney - bilateral
43766-5,CT Kidney - bilateral W contrast IV
36377-0,CT Kidney - bilateral WO and W contrast IV
36503-1,CT Kidney - bilateral WO contrast
69113-9,CT Kidney - right
79074-1,CT Kidney and Ureter and Urinary bladder 3D post processing WO and W contrast IV
87866-0,CT Kidney and Ureter and Urinary bladder WO and W contrast IV
46322-4,CT Kidney W contrast IV
43768-1,CT Kidney WO and W contrast IV
43770-7,CT Kidney WO contrast
36037-0,CT Knee
36040-4,CT Knee - bilateral
87878-5,CT Knee - bilateral Arthrogram
69088-3,CT Knee - bilateral W contrast IV
69089-1,CT Knee - bilateral WO contrast
36041-2,CT Knee - left
69106-3,CT Knee - left Arthrogram
36225-1,CT Knee - left W contrast IV
36380-4,CT Knee - left WO and W contrast IV
36507-2,CT Knee - left WO contrast
36043-8,CT Knee - right
69114-7,CT Knee - right Arthrogram
36227-7,CT Knee - right W contrast IV
36381-2,CT Knee - right WO and W contrast IV
36509-8,CT Knee - right WO contrast
36124-6,CT Knee Arthrogram
36222-8,CT Knee W contrast IV
36379-6,CT Knee WO and W contrast IV
36505-6,CT Knee WO contrast
36229-3,CT Larynx W contrast IV
36511-4,CT Larynx WO contrast
24814-6,CT Liver
24815-3,CT Liver W contrast IV
46393-5,CT Liver W Xe-133 IH
30612-6,CT Liver WO and W contrast IV
30611-8,CT Liver WO contrast
35971-1,CT Lower extremity
35973-7,CT Lower extremity - bilateral
50755-8,CT Lower extremity - bilateral W contrast IV
82694-1,CT Lower extremity - bilateral WO and W contrast IV
36449-7,CT Lower extremity - bilateral WO contrast
35976-0,CT Lower extremity - left
36164-2,CT Lower extremity - left W contrast IV
36290-5,CT Lower extremity - left WO and W contrast IV
36452-1,CT Lower extremity - left WO contrast
35979-4,CT Lower extremity - right
36166-7,CT Lower extremity - right W contrast IV
36292-1,CT Lower extremity - right WO and W contrast IV
36454-7,CT Lower extremity - right WO contrast
89716-5,CT Lower extremity joint - left Arthrogram
89715-7,CT Lower extremity joint - right Arthrogram
37238-3,CT Lower Extremity Joint Arthrogram
36106-3,CT Lower extremity limited WO contrast
30624-1,CT Lower extremity W contrast IV
36288-9,CT Lower extremity WO and W contrast IV
30625-8,CT Lower extremity WO contrast
36074-3,CT Lower leg
87879-3,CT Lower leg - bilateral WO contrast
87882-7,CT Lower leg - left
36260-8,CT Lower leg - left W contrast IV
36409-1,CT Lower leg - left WO and W contrast IV
36538-7,CT Lower leg - left WO contrast
36262-4,CT Lower leg - right W contrast IV
36411-7,CT Lower leg - right WO and W contrast IV
36540-3,CT Lower leg - right WO contrast
36258-2,CT Lower leg W contrast IV
36408-3,CT Lower leg WO and W contrast IV
36537-9,CT Lower leg WO contrast
24963-1,CT Lumbar spine
87867-8,CT Lumbar spine by reconstruction
79080-8,CT Lumbar spine by reconstruction W contrast IV
87868-6,CT Lumbar spine by reconstruction WO and W contrast IV
79081-6,CT Lumbar spine by reconstruction WO contrast
36110-5,CT Lumbar spine limited WO contrast
37509-7,CT Lumbar spine W contrast intradisc
24965-6,CT Lumbar spine W contrast IT
24964-9,CT Lumbar spine W contrast IV
44114-7,CT Lumbar spine WO and W contrast IT
36402-6,CT Lumbar spine WO and W contrast IV
30620-9,CT Lumbar spine WO contrast
89840-3,CT Lumbosacral plexus WO contrast
37439-7,CT Lung parenchyma
37440-5,CT Lung parenchyma W contrast IV
87873-6,CT Lung parenchyma WO and W contrast IV
37441-3,CT Lung parenchyma WO contrast
36047-9,CT Mandible
44116-2,CT Mandible limited
36232-7,CT Mandible W contrast IV
36383-8,CT Mandible WO and W contrast IV
36512-2,CT Mandible WO contrast
46298-6,CT Mastoid - bilateral
87900-7,CT Mastoid W contrast IV
36050-3,CT Maxilla
36049-5,CT Maxilla and Mandible
41808-7,CT Maxillofacial region
87906-4,CT Maxillofacial region - right W contrast IV
36937-1,CT Maxillofacial region limited
36938-9,CT Maxillofacial region limited WO contrast
30801-5,CT Maxillofacial region W contrast IV
46326-5,CT Maxillofacial region W reduced contrast volume IV
30803-1,CT Maxillofacial region WO and W contrast IV
46315-8,CT Maxillofacial region WO and W reduced contrast volume IV
30802-3,CT Maxillofacial region WO contrast
87874-4,CT Mediastinum W contrast IV
89846-0,CT Midfoot - left and Forefoot - left WO and W contrast IV
89847-8,CT Midfoot - right and Forefoot - right
89848-6,CT Midfoot - right WO and W contrast IV
24835-1,CT Nasopharynx and Neck
24836-9,CT Nasopharynx and Neck W contrast IV
30585-4,CT Nasopharynx and Neck WO contrast
48446-9,CT Nasopharynx W contrast IV
48443-6,CT Nasopharynx WO and W contrast IV
36051-1,CT Neck
86986-7,CT Neck and Chest W contrast IV
86958-6,CT Neck and Chest WO and W contrast IV
87877-7,CT Neck and Chest WO contrast
83295-6,CT Neck and Superior mediastinum W contrast IV
83301-2,CT Neck and Superior mediastinum WO and W contrast IV
83308-7,CT Neck and Superior mediastinum WO contrast
36235-0,CT Neck W contrast IV
88320-7,CT Neck W contrast IV and CT angiogram Head and neck vessels W contrast IV
30586-2,CT Neck WO and W contrast IV
36514-8,CT Neck WO contrast
89283-6,CT Neck+Chest+Abdomen+Pelvis W contrast IV
41807-9,CT Orbit
24848-4,CT Orbit - bilateral
24850-0,CT Orbit - bilateral W contrast IV
24849-2,CT Orbit - bilateral WO and W contrast IV
30587-0,CT Orbit - bilateral WO contrast
46320-8,CT Orbit and Face W contrast IV
86988-3,CT Orbit and Face WO contrast
48449-3,CT Orbit W contrast IV
48451-9,CT Orbit WO and W contrast IV
46331-5,CT Orbit WO contrast
24857-5,CT Pancreas
24858-3,CT Pancreas W contrast IV
30614-2,CT Pancreas WO and W contrast IV
30613-4,CT Pancreas WO contrast
87918-9,CT Parathyroid gland WO and W contrast IV
37223-5,CT Parotid gland
37240-9,CT Parotid gland W contrast IV
46311-7,CT Parotid gland WO and W contrast IV
37280-5,CT Parotid gland WO contrast
24865-8,CT Pelvis
79099-8,CT Pelvis 3D post processing WO contrast
86979-2,CT Pelvis and Hip - bilateral WO contrast
82695-8,CT Pelvis and Lower extremity - bilateral W contrast IV
89925-2,CT Pelvis and Lower extremity - bilateral WO and W contrast IV
82693-3,CT Pelvis and Lower extremity W contrast IV
87919-7,CT Pelvis bones
87920-5,CT Pelvis bones W contrast IV
87914-8,CT Pelvis bones WO and W contrast IV
87917-1,CT Pelvis bones WO contrast
87913-0,CT Pelvis by reconstruction
79075-8,CT Pelvis by reconstruction W contrast IV
79076-6,CT Pelvis by reconstruction WO contrast
39046-8,CT Pelvis limited for pelvimetry WO contrast
36098-2,CT Pelvis limited W contrast IV
36108-9,CT Pelvis limited WO contrast
24866-6,CT Pelvis W contrast IV
46329-9,CT Pelvis W reduced contrast volume IV
30616-7,CT Pelvis WO and W contrast IV
46313-3,CT Pelvis WO and W reduced contrast volume IV
30615-9,CT Pelvis WO contrast
24728-8,CT perfusion Head
39142-5,CT perfusion Head W contrast IV
42377-2,CT perfusion Head W Xe-133 IH+WO and W contrast IV
24729-6,CT perfusion Head WO and W contrast IV
24877-3,CT Petrous part of temporal bone
24878-1,CT Petrous part of temporal bone W contrast IV
36835-7,CT Petrous part of temporal bone WO and W contrast IV
30589-6,CT Petrous part of temporal bone WO contrast
36932-2,CT Pituitary and Sella turcica
30590-4,CT Pituitary and Sella turcica W contrast IV
24904-5,CT Pituitary and Sella turcica WO and W contrast IV
30591-2,CT Pituitary and Sella turcica WO contrast
36055-2,CT Posterior fossa
36242-6,CT Posterior fossa W contrast IV
36387-9,CT Posterior fossa WO and W contrast IV
36517-1,CT Posterior fossa WO contrast
36057-8,CT Prostate
72251-2,CT Pulmonary arteries for pulmonary embolus
43445-6,CT Pulmonary system
42394-7,CT Pulmonary system W Xe-133 IH
24566-2,CT Retroperitoneum
48743-9,CT Retroperitoneum WO and W contrast IV
42291-5,CT Retroperitoneum WO contrast
82698-2,CT Ribs - left W contrast IV
82717-0,CT Ribs - left WO and W contrast IV
82699-0,CT Ribs - left WO contrast
82700-6,CT Ribs - right W contrast IV
82702-2,CT Ribs - right WO and W contrast IV
82701-4,CT Ribs - right WO contrast
30619-1,CT Sacroiliac Joint
36123-8,CT Sacroiliac Joint Arthrogram
36217-8,CT Sacroiliac Joint W contrast IV
36375-4,CT Sacroiliac Joint WO and W contrast IV
36501-5,CT Sacroiliac Joint WO contrast
36058-6,CT Sacrum
69116-2,CT Sacrum and Coccyx
82704-8,CT Sacrum and Coccyx W contrast IV
82703-0,CT Sacrum and Coccyx WO and W contrast IV
86970-1,CT Sacrum and Coccyx WO contrast
36245-9,CT Sacrum W contrast IV
36390-3,CT Sacrum WO and W contrast IV
36520-5,CT Sacrum WO contrast
36941-3,CT Salivary gland W contrast intra salivary duct
86957-8,CT Salivary gland WO and W contrast IV
86966-9,CT Salivary gland WO contrast
78973-5,CT scanogram Lower extremity - bilateral for leg measurement WO contrast
78973-5,CT scanogram Lower extremity - bilateral for leg measurement WO contrast
69117-0,CT Scapula
83300-4,CT Scapula - bilateral WO and W contrast IV
82707-1,CT Scapula - left WO and W contrast IV
82705-5,CT Scapula - left WO contrast
82718-8,CT Scapula - right WO and W contrast IV
82706-3,CT Scapula - right WO contrast
83292-3,CT Scapula W contrast
69118-8,CT Scapula WO contrast
36062-8,CT Shoulder
36063-6,CT Shoulder - bilateral
87884-3,CT Shoulder - bilateral Arthrogram
86969-3,CT Shoulder - bilateral W contrast IV
69090-9,CT Shoulder - bilateral WO contrast
36064-4,CT Shoulder - left
38828-0,CT Shoulder - left Arthrogram
36252-5,CT Shoulder - left W contrast IV
36396-0,CT Shoulder - left WO and W contrast IV
36526-2,CT Shoulder - left WO contrast
36066-9,CT Shoulder - right
36131-1,CT Shoulder - right Arthrogram
36253-3,CT Shoulder - right W contrast IV
36397-8,CT Shoulder - right WO and W contrast IV
36527-0,CT Shoulder - right WO contrast
36128-7,CT Shoulder Arthrogram
36250-9,CT Shoulder W contrast IV
36395-2,CT Shoulder WO and W contrast IV
36524-7,CT Shoulder WO contrast
37237-5,CT Sinus tract W contrast intra sinus tract
30588-8,CT Sinuses
83309-5,CT Sinuses and Mandible WO contrast
87912-2,CT Sinuses and Orbit WO contrast
24913-6,CT Sinuses limited
46304-2,CT Sinuses limited WO contrast
36255-8,CT Sinuses W contrast IV
36398-6,CT Sinuses WO and W contrast IV
36529-6,CT Sinuses WO contrast
37495-9,CT Skull base
44111-3,CT Skull base WO and W contrast IV
44112-1,CT Skull base WO contrast
72250-4,CT Small bowel W contrast PO and W contrast IV
82689-1,CT Small bowel W contrast PO and WO and W contrast IV
30600-1,CT Small bowel W positive contrast via enteroclysis tube
28566-8,CT Spine
83293-1,CT Spine Cervical and Spine Lumbar W contrast IV
83297-2,CT Spine Cervical and Spine Lumbar WO and W contrast IV
83305-3,CT Spine Cervical and Spine Lumbar WO contrast
87870-2,CT Spine Cervical and Thoracic and Lumbar and Sacrum and Coccyx WO and W contrast IV
82696-6,CT Spine Lumbar and Sacrum W contrast IV
89827-0,CT Spine Lumbar and Sacrum WO and W contrast IV
82697-4,CT Spine Lumbar and Sacrum WO contrast
37232-6,CT Spine lumbosacral junction
37288-8,CT Spine lumbosacral junction WO contrast
39322-3,CT Spine W contrast intradisc
47985-7,CT Spine W contrast IT
24987-0,CT Spine W contrast IV
48442-8,CT Spine WO and W contrast IT
36399-4,CT Spine WO and W contrast IV
36530-4,CT Spine WO contrast
24988-8,CT Spleen
30622-5,CT Spleen W contrast IV
24989-6,CT Spleen WO and W contrast IV
30621-7,CT Spleen WO contrast
37225-0,CT Sternoclavicular Joint
37242-5,CT Sternoclavicular Joint W contrast IV
37266-4,CT Sternoclavicular Joint WO and W contrast IV
37282-1,CT Sternoclavicular Joint WO contrast
36071-9,CT Sternum
36257-4,CT Sternum W contrast IV
36405-9,CT Sternum WO and W contrast IV
36534-6,CT Sternum WO contrast
79095-6,CT Teeth
87896-7,CT Teeth W contrast IV
87899-1,CT Teeth.mandible WO contrast
87898-3,CT Teeth.maxilla WO contrast
36773-0,CT Temporal bone
87902-3,CT Temporal bone - bilateral W contrast IV
87901-5,CT Temporal bone - bilateral WO and W contrast IV
87903-1,CT Temporal bone - bilateral WO contrast
38835-5,CT Temporal bone - left W contrast IV
89837-9,CT Temporal bone - left WO and W contrast IV
36867-0,CT Temporal bone - left WO contrast
36816-7,CT Temporal bone - right W contrast IV
89838-7,CT Temporal bone - right WO and W contrast IV
36868-8,CT Temporal bone - right WO contrast
79083-2,CT Temporal bone by reconstruction W contrast IV
79084-0,CT Temporal bone by reconstruction WO contrast
36815-9,CT Temporal bone W contrast IV
36837-3,CT Temporal bone WO and W contrast IV
36866-2,CT Temporal bone WO contrast
37226-8,CT Temporomandibular joint
87904-9,CT Temporomandibular joint - bilateral WO contrast
37246-6,CT Temporomandibular joint - left W contrast IV
37248-2,CT Temporomandibular joint - right W contrast IV
87909-8,CT Temporomandibular joint Arthrogram
37243-3,CT Temporomandibular joint W contrast IV
37267-2,CT Temporomandibular joint WO and W contrast IV
37283-9,CT Temporomandibular joint WO contrast
35984-4,CT Thigh
87880-1,CT Thigh - bilateral W contrast IV
87881-9,CT Thigh - bilateral WO contrast
35987-7,CT Thigh - left
36174-1,CT Thigh - left W contrast IV
36339-0,CT Thigh - left WO and W contrast IV
36462-0,CT Thigh - left WO contrast
35989-3,CT Thigh - right
36176-6,CT Thigh - right W contrast IV
36340-8,CT Thigh - right WO and W contrast IV
36464-6,CT Thigh - right WO contrast
36172-5,CT Thigh W contrast IV
36338-2,CT Thigh WO and W contrast IV
36460-4,CT Thigh WO contrast
35945-5,CT Thoracic and abdominal aorta
36142-8,CT Thoracic and abdominal aorta W contrast IV
87861-1,CT Thoracic and abdominal aorta WO and W contrast IV
36430-7,CT Thoracic and abdominal aorta WO contrast
83294-9,CT Thoracic and lumbar spine W contrast IV
86974-3,CT Thoracic and lumbar spine WO and W contrast IV
83310-3,CT Thoracic and lumbar spine WO contrast
24544-9,CT Thoracic Aorta
24545-6,CT Thoracic Aorta W contrast IV
87859-5,CT Thoracic Aorta WO and W contrast IV
87860-3,CT Thoracic Aorta WO contrast
24978-9,CT Thoracic spine
87875-1,CT Thoracic spine by reconstruction
79082-4,CT Thoracic spine by reconstruction W contrast IV
79091-5,CT Thoracic spine by reconstruction WO contrast
70931-1,CT Thoracic spine W contrast intradisc
30596-1,CT Thoracic spine W contrast IT
24979-7,CT Thoracic spine W contrast IV
44113-9,CT Thoracic spine WO and W contrast IT
36403-4,CT Thoracic spine WO and W contrast IV
30597-9,CT Thoracic spine WO contrast
87889-2,CT Thumb - left WO contrast
87894-2,CT Thumb - right WO contrast
83291-5,CT Thumb WO contrast
87876-9,CT Thymus gland
36955-3,CT Thyroid gland WO contrast
83303-8,CT Toe WO contrast
87921-3,CT Trachea WO contrast
25045-6,CT Unspecified body region
79093-1,CT Unspecified body region 3D post processing
85040-4,CT Unspecified body region 3D printed model
89833-8,CT Unspecified body region by reconstruction
37221-9,CT Unspecified body region for fistula
25039-9,CT Unspecified body region limited
89852-8,CT Unspecified body region limited W contrast IV
89853-6,CT Unspecified body region limited WO contrast
25046-4,CT Unspecified body region W anesthesia
25047-2,CT Unspecified body region W conscious sedation
24753-6,CT Unspecified body region W contrast IV
43525-5,CT Unspecified body region WO contrast
36023-0,CT Upper arm
36026-3,CT Upper arm - bilateral
87885-0,CT Upper arm - bilateral WO contrast
36027-1,CT Upper arm - left
36209-5,CT Upper arm - left W contrast IV
36367-1,CT Upper arm - left WO and W contrast IV
36492-7,CT Upper arm - left WO contrast
36029-7,CT Upper arm - right
36211-1,CT Upper arm - right W contrast IV
36369-7,CT Upper arm - right WO and W contrast IV
36494-3,CT Upper arm - right WO contrast
36207-9,CT Upper arm W contrast IV
36366-3,CT Upper arm WO and W contrast IV
36491-9,CT Upper arm WO contrast
35981-0,CT Upper extremity
36168-3,CT Upper extremity - bilateral W contrast IV
87883-5,CT Upper extremity - bilateral WO and W contrast IV
36456-2,CT Upper extremity - bilateral WO contrast
35982-8,CT Upper extremity - left
36169-1,CT Upper extremity - left W contrast IV
36335-8,CT Upper extremity - left WO and W contrast IV
36457-0,CT Upper extremity - left WO contrast
35983-6,CT Upper extremity - right
36170-9,CT Upper extremity - right W contrast IV
36336-6,CT Upper extremity - right WO and W contrast IV
36458-8,CT Upper extremity - right WO contrast
89714-0,CT Upper extremity joint - left Arthrogram
89713-2,CT Upper extremity joint - right Arthrogram
36097-4,CT Upper extremity limited W contrast IV
30626-6,CT Upper extremity W contrast IV
36334-1,CT Upper extremity WO and W contrast IV
30627-4,CT Upper extremity WO contrast
79094-9,CT Urinary bladder W contrast intra bladder
69095-8,CT Urinary bladder W contrast IV
36264-0,CT Uterus W contrast IV
46305-9,CT Whole body
46306-7,CT Whole body W contrast IV
37428-0,CT Wrist
37430-6,CT Wrist - bilateral
69091-7,CT Wrist - bilateral W contrast IV
37461-1,CT Wrist - bilateral WO contrast
37431-4,CT Wrist - left
69107-1,CT Wrist - left Arthrogram
37450-4,CT Wrist - left W contrast IV
37458-7,CT Wrist - left WO and W contrast IV
37463-7,CT Wrist - left WO contrast
37433-0,CT Wrist - right
69115-4,CT Wrist - right Arthrogram
37452-0,CT Wrist - right W contrast IV
38802-5,CT Wrist - right WO and W contrast IV
37465-2,CT Wrist - right WO contrast
37447-0,CT Wrist W contrast IV
37457-9,CT Wrist WO and W contrast IV
37459-5,CT Wrist WO contrast
69908-2,CTA Abdominal and Pelvic vessels W contrast IV
78037-9,CTA Abdominal Aorta and Bilateral Runoff Vessels W contrast IV
78031-2,CTA Abdominal Aorta and Bilateral Runoff Vessels WO and W contrast IV
77311-9,CTA Abdominal aorta and Bilateral vessels for endograft
82677-6,CTA Abdominal Aorta W contrast IV
82678-4,CTA Abdominal Aorta WO and W contrast IV
87280-4,CTA Abdominal veins and Pelvis veins and Lower extremity veins - bilateral W contrast IV
87838-9,CTA Abdominal veins and Pelvis veins W contrast IV
82679-2,CTA Abdominal vessels and Pelvis vessels WO and W contrast IV
36828-2,CTA Abdominal vessels W contrast IV
30805-6,CTA Abdominal vessels WO and W contrast IV
89626-6,"CTA Abdominal, Pelvis and Lower extremity vessels W contrast IV"
36144-4,CTA Aortic arch W contrast IV
87837-1,CTA Aortic valve W contrast IV
36146-9,CTA Carotid artery W contrast IV
86982-6,CTA Chest and abdominal vessels W contrast IV
86971-9,CTA Chest and abdominal vessels WO and W contrast IV
86981-8,CTA Chest vessels
86983-4,CTA Chest vessels and Abdominal vessels and Pelvis vessels W contrast IV
83298-0,CTA Chest vessels and Abdominal vessels and Pelvis vessels WO and W contrast IV
36266-5,CTA Chest vessels W contrast IV
30804-9,CTA Chest vessels WO and W contrast IV
69084-2,CTA Chest vessels WO contrast
87856-1,CTA Circle of Willis and Carotid arteries W contrast IV
87855-3,CTA Circle of Willis and Carotid arteries WO and W contrast IV
75671-8,CTA Circle of Willis WO and W contrast IV
87842-1,CTA Coronary arteries and Pulmonary arteries and Thoracic aorta W contrast IV
87840-5,CTA Coronary arteries and Pulmonary arteries W contrast IV
88318-1,CTA Coronary arteries and Pulmonary veins W contrast IV
87841-3,CTA Coronary arteries and Thoracic aorta W contrast IV
87858-7,CTA Deep inferior epigastric artery W contrast IV
87850-4,CTA Deep inferior epigastric artery WO and W contrast IV
36814-2,CTA Head Arteries W contrast IV
37498-3,CTA Head vessels and Neck vessels W contrast IV
82680-0,CTA Head vessels and Neck vessels WO and W contrast IV
36830-8,CTA Head vessels W contrast IV
30593-8,CTA Head vessels WO and W contrast IV
42293-1,CTA Head vessels WO contrast
79073-3,CTA Heart and Coronary arteries W contrast IV
86980-0,CTA Heart and Coronary arteries WO and W contrast IV
36809-2,CTA Hepatic artery W contrast IA
87836-3,CTA Hepatic vessels WO and W contrast IV
87281-2,CTA Lower extremity veins - bilateral W contrast IV
36824-1,CTA Lower extremity veins - left W contrast IV
36825-8,CTA Lower extremity veins - right W contrast IV
87845-4,CTA Lower extremity vessels
82711-3,CTA Lower extremity vessels - bilateral
86965-1,CTA Lower extremity vessels - bilateral W contrast IV
82708-9,CTA Lower extremity vessels - bilateral WO and W contrast IV
82712-1,CTA Lower extremity vessels - left
86964-4,CTA Lower extremity vessels - left W contrast IV
46308-3,CTA Lower extremity vessels - left WO and W contrast IV
82710-5,CTA Lower extremity vessels - right
86963-6,CTA Lower extremity vessels - right W contrast IV
46307-5,CTA Lower extremity vessels - right WO and W contrast IV
36831-6,CTA Lower extremity vessels W contrast IV
30807-2,CTA Lower extremity vessels WO and W contrast IV
87851-2,CTA Mesenteric vessels W contrast IV
87852-0,CTA Mesenteric vessels WO and W contrast IV
36234-3,CTA Neck vessels W contrast IV
30594-6,CTA Neck vessels WO and W contrast IV
87844-7,CTA Pelvis veins
87843-9,CTA Pelvis veins and Lower extremity veins - bilateral
42294-9,CTA Pelvis vessels W contrast IV
30623-3,CTA Pelvis vessels WO and W contrast IV
87849-6,CTA Pulmonary arteries - bilateral and Lower extremity veins - bilateral for pulmonary embolus and deep vein thrombosis
87848-8,CTA Pulmonary arteries - bilateral and Lower extremity veins - bilateral for pulmonary embolus and deep vein thrombosis W contrast IV
83290-7,CTA Pulmonary arteries - bilateral and Pelvis veins and Lower extremity veins - bilateral for pulmonary embolus and deep vein thrombosis W contrast IV
79077-4,CTA Pulmonary arteries for pulmonary embolus W contrast IV
36147-7,CTA Pulmonary arteries W contrast IV
87839-7,CTA Pulmonary veins W contrast IV
36833-2,CTA Renal vessels W contrast IV
87846-2,CTA Renal vessels WO and W contrast IV
78038-7,CTA Thoracic and Abdominal Aorta and Bilateral Runoff Vessels W contrast IV
78032-0,CTA Thoracic and Abdominal Aorta and Bilateral Runoff Vessels WO and W contrast IV
77451-3,CTA Thoracic and Abdominal Aorta and Bilateral Vessels for endograft
36141-0,CTA Thoracic and abdominal aorta W contrast IV
87857-9,CTA Thoracic and abdominal aorta WO and W contrast IV
82709-7,CTA Thoracic Aorta
69119-6,CTA Thoracic Aorta WO contrast
89851-0,CTA Unspecified body region limited
89722-3,CTA Upper extremity veins - left W contrast IV
89723-1,CTA Upper extremity veins - right W contrast IV
86962-8,CTA Upper extremity vessels - bilateral W contrast IV
89841-1,CTA Upper extremity vessels - bilateral WO and W contrast IV
82713-9,CTA Upper extremity vessels - left
86961-0,CTA Upper extremity vessels - left W contrast IV
46312-5,CTA Upper extremity vessels - left WO and W contrast IV
82714-7,CTA Upper extremity vessels - right
86960-2,CTA Upper extremity vessels - right W contrast IV
46309-1,CTA Upper extremity vessels - right WO and W contrast IV
42295-6,CTA Upper extremity vessels W contrast IV
36421-6,CTA Upper extremity vessels WO and W contrast IV
36834-0,CTA Vessel W contrast IV
86463-7,DBT Breast - bilateral
72139-9,DBT Breast - bilateral diagnostic
72142-3,DBT Breast - bilateral screening
72138-1,DBT Breast - left diagnostic
72141-5,DBT Breast - left screening
72137-3,DBT Breast - right diagnostic
72140-7,DBT Breast - right screening
86462-9,DBT Breast - unilateral
83051-3,DXA Cervical and thoracic and lumbar spine Views for vertebral fracture
38268-9,DXA Skeletal system Views for bone density
83012-5,DXA Skeletal system.axial Views for bone density
83014-1,DXA Skeletal system.axial Views for bone density and vertebral fracture
83013-3,DXA Skeletal system.peripheral Views for bone density
39154-0,FFD mammogram Breast - bilateral Diagnostic
42174-3,FFD mammogram Breast - bilateral Screening
42169-3,FFD mammogram Breast - left Diagnostic
46355-4,FFD mammogram Breast - left Screening
42168-5,FFD mammogram Breast - right Diagnostic
46354-7,FFD mammogram Breast - right Screening
39152-4,FFD mammogram Breast Diagnostic
39153-2,FFD mammogram Breast Screening
46342-2,FFD mammogram Breast Views
39150-8,FFD mammogram Breast Views Post Localization
58748-5,Functional MR Brain
80583-8,Functional MR Brain for motor function
86993-3,Guidance for 1 level kyphoplasty of Spine vertebra
86994-1,Guidance for 1 or 2 injections of trigger point of Muscle
86995-8,Guidance for abscess
86996-6,Guidance for additional augmentation of Spine vertebra
87024-6,Guidance for additional day infusion of thrombolytic of Chest-- W thrombolytic via chest tube
86997-4,Guidance for additional day infusion of thrombolytic of Vessel-- W thrombolytic via catheter
87138-4,Guidance for additional laser ablation of Extremity vein
87036-0,Guidance for additional level kyphoplasty of Lumbar spine
87025-3,Guidance for additional level kyphoplasty of Thoracic spine
86999-0,Guidance for additional percutaneous mechanical thrombectomy of Artery
86998-2,Guidance for additional percutaneous mechanical thrombectomy of Vein
87000-6,Guidance for additional placement of endovascular device of Vein
87001-4,Guidance for additional placement of stent of Artery
87037-8,Guidance for additional placement of stent of Iliac artery
87140-0,Guidance for additional placement of stent of Lower leg vessel
87002-2,Guidance for additional placement of wire
87038-6,Guidance for additional transluminal angioplasty of Iliac artery
87139-2,Guidance for additional transluminal angioplasty of Lower leg
88929-5,Guidance for additional transluminal angioplasty of Vein
87039-4,Guidance for additional vertebroplasty of Lumbar spine
87003-0,Guidance for additional vertebroplasty of Spine vertebra
87026-1,Guidance for additional vertebroplasty of Thoracic spine
87007-1,Guidance for arthrocentesis of Joint
87004-8,Guidance for arthrocentesis of Joint.intermediate
87005-5,Guidance for arthrocentesis of Joint.major
87006-3,Guidance for arthrocentesis of Joint.small
87009-7,Guidance for aspiration of cyst
87010-5,Guidance for aspiration of cyst of Bone
87040-2,Guidance for aspiration of cyst of Kidney
87011-3,Guidance for aspiration of ganglion cyst
87056-8,Guidance for biopsy of Abdomen
87059-2,Guidance for biopsy of Biliary ducts
87014-7,Guidance for biopsy of Bone marrow
87027-9,Guidance for biopsy of Chest Pleura
87027-9,
87028-7,Guidance for biopsy of Lung
87015-4,Guidance for biopsy of Lymph node
87029-5,Guidance for biopsy of Mediastinum
87174-9,Guidance for biopsy of Muscle
87030-3,Guidance for biopsy of Neck or Chest Soft tissue
87055-0,Guidance for biopsy of Pancreas
87173-1,Guidance for biopsy of Prostate
87016-2,Guidance for biopsy of Soft tissue
87043-6,Guidance for biopsy of Ureter
87017-0,Guidance for check of drainage catheter for abscess
87031-1,Guidance for check of peritoneovenous shunt of Chest and Abdomen
87044-4,Guidance for check of tube of Biliary ducts
88935-2,Guidance for chemoembolization of Hepatic artery-- W chemotherapy IA+W embolic agent IA
87045-1,Guidance for cholangioscopy and removal of calculus of Gallbladder
87046-9,Guidance for cholangioscopy of Gallbladder
87047-7,Guidance for cholecystostomy of Gallbladder
87048-5,Guidance for conversion of G-tube to GJ-tube of Gastrointestinal tract upper
87049-3,Guidance for cryoablation of Kidney
87050-1,Guidance for cryoablation of Liver
87032-9,Guidance for cryoablation of Lung
87018-8,Guidance for deep biopsy of Bone
87175-6,Guidance for deep drainage of Pelvis
87154-1,Guidance for diagnostic puncture of Cervical spine
87180-6,Guidance for dilation of Fallopian tube
88930-3,Guidance for dilation of stricture and placement of stent of Biliary ducts-- W contrast IV
87051-9,Guidance for dilation of stricture of Biliary ducts
87019-6,Guidance for drainage
87033-7,Guidance for drainage of Chest Pleura
88931-1,Guidance for embolization for tumor of Hepatic artery-- W embolic agent IA
88932-9,Guidance for embolization for tumor of Spinal artery-- W embolic agent IA
87311-7,"Guidance for embolization for tumor, ischemia or infarction of Vessel"
87020-4,Guidance for embolization of Artery
87145-9,Guidance for embolization of Brachial artery
88933-7,Guidance for embolization of Portal vein-- W embolic agent IV
88934-5,Guidance for embolization of Splenic artery-- W embolic agent IA
87181-4,Guidance for embolization of Uterine artery
87021-2,Guidance for embolization of Vein
87022-0,Guidance for embolization of Vessels
87034-5,Guidance for exchange of catheter portion only of CV catheter with port of Chest
87149-1,Guidance for exchange of chest tube of Chest
87035-2,Guidance for exchange of CV catheter with port of Chest
87142-6,Guidance for exchange of CV catheter with port of Upper extremity
87023-8,Guidance for exchange of drainage catheter for abscess
87052-7,Guidance for exchange of G-tube of Stomach
87053-5,Guidance for exchange of J-tube of Gastrointestinal tract upper
87054-3,Guidance for exchange of nephrostomy tube of Kidney
87188-9,Guidance for exchange of nephroureteral stent of Kidney and Ureter and Urinary bladder
87205-1,Guidance for exchange of non-tunneled CV catheter of Chest
87143-4,Guidance for exchange of peripherally inserted central catheter of Upper extremity
87112-9,Guidance for exchange of tunneled CV catheter without port of Chest
87152-5,Guidance for exchange of ureterostomy through ileal conduit of Ureter
87178-0,Guidance for final day of infusion of thrombolytic of Vessel-- W thrombolytic via catheter
87179-8,Guidance for fine needle aspiration
87155-8,Guidance for fine needle aspiration of Thyroid gland
87008-9,Guidance for fluid aspiration of Bone marrow
87136-8,Guidance for fluid aspiration of Knee
87012-1,Guidance for fluid aspiration of Lymph node
87153-3,Guidance for for therapeutic puncture and drainage of Cervical spine
87183-0,Guidance for greater than 2 injections of trigger point of Muscle
87131-9,Guidance for greater than 20 stab phlebectomy of Extremity vein
87069-1,Guidance for hemodynamic evaluation of Liver
88242-3,Guidance for infusion of non-thrombolytic of Head Arteries
87196-2,Guidance for infusion of non-thrombolytic of Vessel
87103-8,Guidance for infusion of thrombolytic of Chest-- W thrombolytic via CVC
87193-9,Guidance for initial day infusion of thrombolytic of Artery-- W thrombolytic via catheter
87102-0,Guidance for initial day infusion of thrombolytic of Chest-- W thrombolytic via chest tube
87195-4,Guidance for initial day infusion of thrombolytic of Vein-- W thrombolytic via catheter
87169-9,Guidance for initial mechanical thrombectomy of Artery
87194-7,Guidance for initial mechanical thrombectomy of Vein
87132-7,Guidance for injection of Ankle
87061-8,Guidance for injection of contrast of Biliary ducts
87104-6,Guidance for injection of CV catheter of Chest
88936-0,Guidance for injection of Hepatic artery-- W Tc-99m MAA IA
87135-0,Guidance for injection of Hip
87137-6,Guidance for injection of Knee
87206-9,Guidance for injection of Nerve
87157-4,Guidance for injection of platelet rich plasma
87146-7,Guidance for injection of Shoulder
87161-6,Guidance for injection of Spine epidural space
87160-8,Guidance for injection of Spine facet joint
87159-0,Guidance for injection of Temporomandibular joint
87158-2,Guidance for injection of Tendon
87148-3,Guidance for injection of thrombin for pseudoaneurysm
87147-5,Guidance for injection of Wrist
87089-9,Guidance for kyphoplasty of Lumbar spine
87122-8,Guidance for kyphoplasty of Thoracic spine
87130-1,Guidance for laser ablation of Extremity vein
87170-7,Guidance for ligation of Lymphatic vessel
87186-3,Guidance for mechanical thrombectomy of central venous catheter lumen obstruction
87070-9,Guidance for microwave ablation of Liver
87119-4,Guidance for microwave ablation of Lung
87090-7,Guidance for myelography of Lumbar spine
87123-6,Guidance for myelography of Thoracic spine
87062-6,Guidance for nerve block of Celiac plexus
87187-1,Guidance for nerve block of Nerve root
87125-1,Guidance for nerve block of Thoracic spine intercostal nerve
87079-0,Guidance for paracentesis and insertion of tube of Peritoneum
87080-8,Guidance for paracentesis of Peritoneum
87013-9,Guidance for percutaneous biopsy of Bone
87041-0,Guidance for percutaneous biopsy of Kidney
87042-8,Guidance for percutaneous biopsy of Liver
87156-6,Guidance for percutaneous biopsy.core needle of Thyroid gland
87078-2,Guidance for percutaneous drainage of Abdomen
87066-7,Guidance for percutaneous placement of nephrostomy tube of Kidney
87190-5,Guidance for percutaneous placement of nephroureteral stent of Kidney and Ureter and Urinary bladder
87312-5,Guidance for percutaneous transluminal angioplasty for dialysis of Vein
87184-8,Guidance for percutaneous transluminal angioplasty of arterial anastomosis of Artery
87101-2,Guidance for percutaneous transluminal angioplasty of Brachiocephalic artery
87133-5,Guidance for percutaneous transluminal angioplasty of Femoral artery and Popliteal artery
87150-9,Guidance for percutaneous transluminal angioplasty of Iliac artery
87129-3,Guidance for percutaneous transluminal angioplasty of Lower leg
87087-3,Guidance for percutaneous transluminal angioplasty of Renal artery
87100-4,Guidance for percutaneous transluminal angioplasty of Thoracic and abdominal aorta
87166-5,Guidance for percutaneous transluminal angioplasty of Vein
87095-6,Guidance for percutaneous transluminal angioplasty of Visceral artery
87117-8,Guidance for pericardiocentesis of Heart
87081-6,Guidance for placement of catheter in Peritoneum
87116-0,Guidance for placement of chest tube in Chest
87171-5,Guidance for placement of clip
87172-3,Guidance for placement of clip-- preoperative
87106-1,Guidance for placement of CV catheter with port in Chest
87141-8,Guidance for placement of CV catheter with port in Upper extremity
87198-8,Guidance for placement of drainage catheter for abscess
87165-7,Guidance for placement of endograft in Iliac artery
87163-2,Guidance for placement of endovascular device in Vein
87057-6,Guidance for placement of fiducial marker in Abdomen
87118-6,Guidance for placement of fiducial marker in Lung
87065-9,Guidance for placement of G-tube in Gastrointestinal tract upper
87064-2,Guidance for placement of GJ-tube in Gastrointestinal tract upper
25072-0,Guidance for placement of infusion port
25027-4,Guidance for placement of large bore CV catheter in Vein
26307-9,Guidance for placement of large bore CV catheter in Vein - bilateral
26308-7,Guidance for placement of large bore CV catheter in Vein - left
26309-5,Guidance for placement of large bore CV catheter in Vein - right
87162-4,Guidance for placement of needle
87144-2,Guidance for placement of peripherally-inserted central venous catheter in Upper extremity
87097-2,Guidance for placement of peritoneovenous shunt in Chest and Abdomen
87085-7,Guidance for placement of port in Peritoneum
87200-2,Guidance for placement of stent in Artery
88937-8,Guidance for placement of stent in Biliary ducts
87134-3,Guidance for placement of stent in Femoral artery and Popliteal artery
87151-7,Guidance for placement of stent in Iliac artery
88938-6,Guidance for placement of stent in Ureter
87096-4,Guidance for placement of stent in Visceral artery
87109-5,Guidance for placement of Swan-Ganz catheter in Chest
87072-5,Guidance for placement of TIPS of Liver
87121-0,Guidance for placement of tunneled catheter in Chest Pleura
87113-7,Guidance for placement of tunneled CV catheter without port in Chest
87092-3,Guidance for placement of venous filter in Inferior vena cava
87128-5,Guidance for placement of venous filter in Superior vena cava
87182-2,Guidance for placement of wire
87088-1,Guidance for puncture of Lumbar spine
88939-4,Guidance for radioembolization for tumor of Hepatic artery-- W Yttrium-90 IA
87176-4,Guidance for radiofrequency ablation of Bone
87177-2,Guidance for radiofrequency ablation of Chest Pleura
87058-4,Guidance for radiofrequency ablation of Kidney
87071-7,Guidance for radiofrequency ablation of Liver
87120-2,Guidance for radiofrequency ablation of Lung
87060-0,Guidance for removal of calculus from Biliary ducts
87082-4,Guidance for removal of catheter from Peritoneum
87107-9,Guidance for removal of CV catheter with port from Chest
87084-0,Guidance for removal of foreign body from Peritoneum
87063-4,Guidance for removal of GJ-tube from Gastrointestinal tract upper
87191-3,Guidance for removal of nephroureteral stent of Kidney and Ureter and Urinary bladder
87098-0,Guidance for removal of peritoneovenous shunt from Chest and Abdomen
87086-5,Guidance for removal of port from Peritoneum
88243-1,Guidance for removal of tunneled catheter from Chest Pleura
87114-5,Guidance for removal of tunneled CV catheter without port from Chest
87093-1,Guidance for removal of venous filter from Inferior vena cava
87126-9,Guidance for removal of venous filter from Superior vena cava
88940-2,Guidance for repair of aneurysm of Abdominal Aorta
88941-0,Guidance for repair of aneurysm of Thoracic Aorta
87108-7,Guidance for repair of CV catheter with port of Chest
88942-8,Guidance for repair of endoleak of Artery
87115-2,Guidance for repair of non-tunneled CV catheter without port of Chest
87083-2,Guidance for reposition of catheter in Peritoneum
87105-3,Guidance for reposition of CV catheter in Chest
87094-9,Guidance for reposition of venous filter in Inferior vena cava
87127-7,Guidance for reposition of venous filter in Superior vena cava
87197-0,Guidance for retrieval of foreign body of Vessel
87099-8,Guidance for revision of peritoneovenous shunt of Chest and Abdomen
87073-3,Guidance for revision of TIPS of Liver
87164-0,Guidance for secondary mechanical thrombectomy of Artery
87199-6,Guidance for substance removal of central venous catheter pericatheter obstruction
87185-5,Guidance for sympathectomy of Nerve
87110-3,Guidance for thoracentesis and insertion of tube of Chest
87111-1,Guidance for thoracentesis of Chest
87192-1,Guidance for thrombectomy
87167-3,Guidance for transcatheter biopsy
87168-1,Guidance for transcatheter placement of stent
87310-9,Guidance for transhepatic exchange of catheter of Biliary ducts
87309-1,Guidance for transhepatic placement of catheter of Biliary ducts
87308-3,Guidance for transhepatic removal of catheter of Biliary ducts
87074-1,Guidance for transhepatic revision of tube of Liver
87076-6,Guidance for transjugular biopsy and hemodynamic evaluation of Liver
87068-3,Guidance for transjugular biopsy and venography of Kidney
87077-4,Guidance for transjugular biopsy and venography of Liver
87067-5,Guidance for transjugular biopsy of Kidney
87075-8,Guidance for transjugular biopsy of Liver
87203-6,Guidance for transurethral exchange of nephroureteral stent of Kidney and Ureter and Urinary bladder
87189-7,Guidance for transurethral removal of nephroureteral stent of Kidney and Ureter and Urinary bladder
87201-0,Guidance for treatment of AV fistula
88943-6,Guidance for venous sampling of Adrenal vein
87202-8,Guidance for venous sampling of Vein
87091-5,Guidance for vertebroplasty of Lumbar spine
87124-4,Guidance for vertebroplasty of Thoracic spine
88349-6,Guidance-- during surgery
38090-7,MG Breast - bilateral Air gap Views
26346-7,MG Breast - bilateral Diagnostic
48475-8,MG Breast - bilateral Diagnostic for implant
26349-1,MG Breast - bilateral Diagnostic Limited Views
46351-3,MG Breast - bilateral Displacement Views for Implant
86416-5,MG Breast - bilateral Guidance for needle localization and Breast specimen Views
26287-3,MG Breast - bilateral Limited Views
37554-3,MG Breast - bilateral Magnification and Spot
37543-6,MG Breast - bilateral Magnification Views
37006-4,MG Breast - bilateral MLO
37016-3,MG Breast - bilateral Rolled Views
26175-0,MG Breast - bilateral Screening
48492-3,MG Breast - bilateral Screening for implant
46335-6,MG Breast - bilateral Single view
37552-7,MG Breast - bilateral Spot Views
37029-6,MG Breast - bilateral Tangential
37038-7,MG Breast - bilateral True lateral
36626-0,MG Breast - bilateral Views
38071-7,MG Breast - bilateral Views for implant
42415-0,MG Breast - bilateral Views Post Wire Placement
37052-8,MG Breast - bilateral XCCL
36642-7,MG Breast - left 2 Views
38091-5,MG Breast - left Air gap Views
26347-5,MG Breast - left Diagnostic
86368-8,MG Breast - left Diagnostic for clinical call back
69150-1,MG Breast - left Diagnostic for implant
26350-9,MG Breast - left Diagnostic Limited Views
86348-0,MG Breast - left Guidance for needle localization and Breast specimen Views
26289-9,MG Breast - left Limited Views
37005-6,MG Breast - left Magnification
38854-6,MG Breast - left Magnification and Spot
37017-1,MG Breast - left Rolled Views
26176-8,MG Breast - left Screening
46336-4,MG Breast - left Single view
37553-5,MG Breast - left Spot Views compression
37030-4,MG Breast - left Tangential
38855-3,MG Breast - left True lateral
36627-8,MG Breast - left Views
38072-5,MG Breast - left Views for implant
42416-8,MG Breast - left Views Post Wire Placement
37053-6,MG Breast - left XCCL
37768-9,MG Breast - right 2 Views
26348-3,MG Breast - right Diagnostic
86369-6,MG Breast - right Diagnostic for clinical call back
69259-0,MG Breast - right Diagnostic for implant
26351-7,MG Breast - right Diagnostic Limited Views
86360-5,MG Breast - right Guidance for needle localization and Breast specimen Views
26291-5,MG Breast - right Limited Views
37773-9,MG Breast - right Magnification
37769-7,MG Breast - right Magnification and Spot
37775-4,MG Breast - right Rolled Views
26177-6,MG Breast - right Screening
46337-2,MG Breast - right Single view
38807-4,MG Breast - right Spot Views
37770-5,MG Breast - right Tangential
37771-3,MG Breast - right True lateral
37774-7,MG Breast - right Views
38820-7,MG Breast - right Views for implant
37772-1,MG Breast - right XCCL
46350-5,MG Breast - unilateral Diagnostic
46356-2,MG Breast - unilateral Screening
46338-0,MG Breast - unilateral Single view
86350-6,MG Breast - unilateral Single view for clip placement
46339-8,MG Breast - unilateral Views
46380-2,MG Breast - unilateral Views for implant
36319-2,MG Breast 4 Views
36962-9,MG Breast Axillary
24605-8,MG Breast Diagnostic
86367-0,MG Breast Diagnostic for clinical call back
86370-4,MG Breast Diagnostic for technical call back
24604-1,MG Breast Diagnostic Limited Views
38095-6,MG Breast duct - bilateral Views W contrast intra duct
39146-6,MG Breast duct - bilateral Views W contrast intra multiple ducts
49510-1,MG Breast duct - left Single view W contrast intra duct
38096-4,MG Breast duct - left Views W contrast intra duct
39145-8,MG Breast duct - left Views W contrast intra multiple ducts
49509-3,MG Breast duct - right Single view W contrast intra duct
38825-6,MG Breast duct - right Views W contrast intra duct
39147-4,MG Breast duct - right Views W contrast intra multiple ducts
69268-1,MG Breast duct Single view W contrast intra duct
46352-1,MG Breast duct Views during surgery W contrast intra duct
39054-2,MG Breast duct Views W contrast intra duct
39148-2,MG Breast duct Views W contrast intra multiple ducts
37539-4,MG Breast Grid Views
24610-8,MG Breast Limited Views
37542-8,MG Breast Magnification Views
24606-6,MG Breast Screening
38079-0,MG Breast specimen - bilateral Views
38080-8,MG Breast specimen - left Views
38821-5,MG Breast specimen - right Views
24597-7,MG Breast specimen Views
37551-9,MG Breast Spot Views
37028-8,MG Breast Tangential
37037-9,MG Breast True lateral
36625-2,MG Breast Views
38070-9,MG Breast Views for implant
69251-7,MG Breast Views Post Wire Placement
42680-9,MG Breast XCCL
86351-4,MG Guidance for additional aspiration of cyst of Breast - left
86352-2,MG Guidance for additional aspiration of cyst of Breast - right
86355-5,MG Guidance for additional needle localization of Breast - left
86356-3,MG Guidance for additional needle localization of Breast - right
86363-9,MG Guidance for additional vacuum biopsy of Breast - left
86364-7,MG Guidance for additional vacuum biopsy of Breast - right
24594-4,MG Guidance for aspiration of cyst of Breast
26343-4,MG Guidance for aspiration of cyst of Breast - bilateral
26344-2,MG Guidance for aspiration of cyst of Breast - left
26345-9,MG Guidance for aspiration of cyst of Breast - right
24602-5,MG Guidance for biopsy of Breast
26337-6,MG Guidance for biopsy of Breast - bilateral
26338-4,MG Guidance for biopsy of Breast - left
26339-2,MG Guidance for biopsy of Breast - right
46387-7,MG Guidance for fine needle aspiration of Breast
46284-6,MG Guidance for fine needle aspiration of Breast - left
46283-8,MG Guidance for fine needle aspiration of Breast - right
24598-5,MG Guidance for fluid aspiration of Breast
48735-5,MG Guidance for localization of Breast
42296-4,MG Guidance for localization of Breast - left
42297-2,MG Guidance for localization of Breast - right
69068-5,MG Guidance for needle localization of Breast - bilateral
86357-1,MG Guidance for needle localization of Breast - left
86358-9,MG Guidance for needle localization of Breast - right
24595-1,MG Guidance for needle localization of mass of Breast
26315-2,MG Guidance for needle localization of mass of Breast - bilateral
26316-0,MG Guidance for needle localization of mass of Breast - left
26317-8,MG Guidance for needle localization of mass of Breast - right
24609-0,MG Guidance for percutaneous biopsy.core needle of Breast
26334-3,MG Guidance for percutaneous biopsy.core needle of Breast - bilateral
26335-0,MG Guidance for percutaneous biopsy.core needle of Breast - left
26336-8,MG Guidance for percutaneous biopsy.core needle of Breast - right
86353-0,MG Guidance for placement of clip in Breast - left
86354-8,MG Guidance for placement of clip in Breast - right
48740-5,MG Guidance for sentinel lymph node injection of Breast
48736-3,MG Guidance for sentinel lymph node injection of Breast - left
48739-7,MG Guidance for sentinel lymph node injection of Breast - right
86365-4,MG Guidance for vacuum biopsy of Breast - left
86366-2,MG Guidance for vacuum biopsy of Breast - right
86361-3,MG stereo Guidance for additional biopsy of Breast - left
86362-1,MG stereo Guidance for additional biopsy of Breast - right
24603-3,MG stereo Guidance for biopsy of Breast
26292-3,MG stereo Guidance for biopsy of Breast - bilateral
26293-1,MG stereo Guidance for biopsy of Breast - left
26294-9,MG stereo Guidance for biopsy of Breast - right
46296-0,MG stereo Guidance for percutaneous biopsy.core needle of Breast
46295-2,MG stereo Guidance for percutaneous biopsy.core needle of Breast - left
42433-3,MG stereo Guidance for percutaneous biopsy.core needle of Breast - right
24556-3,MR Abdomen
72246-2,MR Abdomen and Pelvis W contrast PO and WO and W contrast IV
72247-0,MR Abdomen and Pelvis W contrast PO and WO contrast IV
36134-5,MR Abdomen W contrast IV
24557-1,MR Abdomen WO and W contrast IV
30668-8,MR Abdomen WO contrast
35949-7,MR Abdominal Aorta
36273-1,MR Abdominal Aorta WO and W contrast IV
36496-8,MR Acromioclavicular Joint WO contrast
36931-4,MR Adrenal gland
44124-6,MR Adrenal gland W contrast IV
36951-2,MR Adrenal gland WO and W contrast IV
36954-6,MR Adrenal gland WO contrast
24538-1,MR Ankle
26208-9,MR Ankle - bilateral
69163-4,MR Ankle - bilateral W contrast IV
26187-5,MR Ankle - bilateral WO and W contrast IV
69164-2,MR Ankle - bilateral WO contrast
26209-7,MR Ankle - left
36116-2,MR Ankle - left Arthrogram
43555-2,MR Ankle - left dynamic W contrast IV
36138-6,MR Ankle - left W contrast IV
26188-3,MR Ankle - left WO and W contrast IV
36427-3,MR Ankle - left WO contrast
26210-5,MR Ankle - right
36117-0,MR Ankle - right Arthrogram
43449-8,MR Ankle - right dynamic W contrast IV
36140-2,MR Ankle - right W contrast IV
26189-1,MR Ankle - right WO and W contrast IV
36429-9,MR Ankle - right WO contrast
37222-7,MR Ankle and Foot
36115-4,MR Ankle Arthrogram
36136-0,MR Ankle W contrast IV
24539-9,MR Ankle WO and W contrast IV
30680-3,MR Ankle WO contrast
43508-1,MR Axilla - left
43504-0,MR Axilla - left W contrast IV
43509-9,MR Axilla - left WO and W contrast IV
43510-7,MR Axilla - right
43505-7,MR Axilla - right W contrast IV
43511-5,MR Axilla - right WO and W contrast IV
37219-3,MR Biliary ducts
37220-1,MR Biliary ducts and Pancreatic duct
44125-3,MR Biliary ducts and Pancreatic duct W contrast IV
36944-7,MR Biliary ducts and Pancreatic duct WO and W contrast IV
44123-8,MR Biliary ducts and Pancreatic duct WO contrast
39141-7,MR Bone marrow
80513-5,MR Bone marrow W contrast IV
80514-3,MR Bone marrow WO and W contrast IV
80512-7,MR Bone marrow WO contrast
24582-9,MR Brachial plexus
26211-3,MR Brachial plexus - bilateral
26190-9,MR Brachial plexus - bilateral WO and W contrast IV
26212-1,MR Brachial plexus - left
36240-0,MR Brachial plexus - left W contrast IV
26191-7,MR Brachial plexus - left WO and W contrast IV
38833-0,MR Brachial plexus - left WO contrast
26213-9,MR Brachial plexus - right
36241-8,MR Brachial plexus - right W contrast IV
26192-5,MR Brachial plexus - right WO and W contrast IV
36516-3,MR Brachial plexus - right WO contrast
36239-2,MR Brachial plexus W contrast IV
24583-7,MR Brachial plexus WO and W contrast IV
30654-8,MR Brachial plexus WO contrast
24590-2,MR Brain
82129-8,MR Brain and Face WO and W contrast IV
82128-0,MR Brain and Face WO contrast
43772-3,MR Brain and Internal auditory canal
37239-1,MR Brain and Internal auditory canal W contrast IV
43769-9,MR Brain and Internal auditory canal WO and W contrast IV
37278-9,MR Brain and Internal auditory canal WO contrast
37215-1,MR Brain and Larynx W contrast IV
37279-7,MR Brain and Larynx WO contrast
42385-5,MR Brain and Pituitary and Sella turcica
42391-3,MR Brain and Pituitary and Sella turcica W contrast IV
42392-1,MR Brain and Pituitary and Sella turcica WO and W contrast IV
42393-9,MR Brain and Pituitary and Sella turcica WO contrast
42386-3,MR Brain cine for CSF flow
80507-7,MR Brain for high grade tumor WO and W contrast IV
80506-9,MR Brain for low grade tumor WO and W contrast IV
80510-1,MR Brain for metastasis WO and W contrast IV
80505-1,MR Brain for new diagnosis tumor WO and W contrast IV
80511-9,MR Brain for postoperative
36096-6,MR Brain limited W contrast IV
36105-5,MR Brain limited WO contrast
37217-7,MR Brain stem and Cranial nerves
24586-0,MR Brain W anesthesia
24589-4,MR Brain W contrast IV
24587-8,MR Brain WO and W contrast IV
24588-6,MR Brain WO and W contrast IV and W anesthesia
30657-1,MR Brain WO contrast
30657-1,MR Brain WO contrast
37218-5,MR Brain.temporal
48444-4,MR Brain.temporal W contrast IV
48694-4,MR Brain.temporal WO and W contrast IV
48453-5,MR Brain.temporal WO contrast
30794-2,MR Breast
30795-9,MR Breast - bilateral
36114-7,MR Breast - bilateral dynamic W contrast IV
69165-9,MR Breast - bilateral for implant
69167-5,MR Breast - bilateral for implant W contrast IV
69166-7,MR Breast - bilateral for implant WO and W contrast IV
69168-3,MR Breast - bilateral for implant WO contrast
36150-1,MR Breast - bilateral W contrast IV
36277-2,MR Breast - bilateral WO and W contrast IV
36437-2,MR Breast - bilateral WO contrast
35954-7,MR Breast - left
38057-6,MR Breast - left for implant
38870-2,MR Breast - left for implant WO and W contrast IV
38064-2,MR Breast - left for implant WO contrast
36151-9,MR Breast - left W contrast IV
36278-0,MR Breast - left WO and W contrast IV
36438-0,MR Breast - left WO contrast
35955-4,MR Breast - right
38058-4,MR Breast - right for implant
38062-6,MR Breast - right for implant WO and W contrast IV
38817-3,MR Breast - right for implant WO contrast
36152-7,MR Breast - right W contrast IV
36279-8,MR Breast - right WO and W contrast IV
36439-8,MR Breast - right WO contrast
46299-4,MR Breast - unilateral
46323-2,MR Breast - unilateral W contrast IV
43528-9,MR Breast - unilateral WO and W contrast IV
46333-1,MR Breast - unilateral WO contrast
37437-1,MR Breast dynamic W contrast IV
69190-7,MR Breast for implant W contrast IV
69189-9,MR Breast for implant WO and W contrast IV
69191-5,MR Breast for implant WO contrast
36149-3,MR Breast W contrast IV
36276-4,MR Breast WO and W contrast IV
36436-4,MR Breast WO contrast
30655-5,MR Cerebral cisterns
42698-1,MR Cervical and thoracic and lumbar spine
30855-1,MR Cervical and thoracic and lumbar spine WO and W contrast IV
30854-4,MR Cervical and thoracic and lumbar spine WO contrast
43457-1,MR Cervical and thoracic spine
89284-4,MR Cervical and thoracic spine W contrast IV
43456-3,MR Cervical and thoracic spine WO and W contrast IV
24935-9,MR Cervical spine
24936-7,MR Cervical spine W anesthesia
48447-7,MR Cervical spine W contrast IT
24938-3,MR Cervical spine W contrast IV
42270-9,MR Cervical spine W flexion and W extension
48450-1,MR Cervical spine WO and W contrast IT
24937-5,MR Cervical spine WO and W contrast IV
30667-0,MR Cervical spine WO contrast
24629-8,MR Chest
36942-1,MR Chest and Abdomen W contrast IV
36284-8,MR Chest and Abdomen WO and W contrast IV
36156-8,MR Chest W contrast IV
36283-0,MR Chest WO and W contrast IV
36442-2,MR Chest WO contrast
35961-2,MR Clavicle
48457-6,MR Clavicle - left W contrast IV
48455-0,MR Clavicle - left WO and W contrast IV
48459-2,MR Clavicle - left WO contrast
48456-8,MR Clavicle - right W contrast IV
48454-3,MR Clavicle - right WO and W contrast IV
48458-4,MR Clavicle - right WO contrast
42694-0,MR Clavicle W contrast IV
42299-8,MR Clavicle WO and W contrast IV
42302-0,MR Clavicle WO contrast
24674-4,MR Elbow
26220-4,MR Elbow - bilateral
69170-9,MR Elbow - bilateral W contrast IV
26193-3,MR Elbow - bilateral WO and W contrast IV
69171-7,MR Elbow - bilateral WO contrast
26221-2,MR Elbow - left
36118-8,MR Elbow - left Arthrogram
43450-6,MR Elbow - left dynamic W contrast IV
36160-0,MR Elbow - left W contrast IV
26194-1,MR Elbow - left WO and W contrast IV
36446-3,MR Elbow - left WO contrast
26222-0,MR Elbow - right
36119-6,MR Elbow - right Arthrogram
43451-4,MR Elbow - right dynamic W contrast IV
36162-6,MR Elbow - right W contrast IV
26195-8,MR Elbow - right WO and W contrast IV
36448-9,MR Elbow - right WO contrast
46319-0,MR Elbow Arthrogram
36158-4,MR Elbow W contrast IV
24675-1,MR Elbow WO and W contrast IV
30796-7,MR Elbow WO contrast
42390-5,MR Endovaginal
69193-1,MR Extremity
35953-9,MR Face
82131-4,MR Face and Neck WO and W contrast IV
82130-6,MR Face and Neck WO contrast
36148-5,MR Face W contrast IV
24694-2,MR Face WO and W contrast IV
36435-6,MR Face WO contrast
69172-5,MR Femur - bilateral W contrast IV
69173-3,MR Femur - bilateral WO contrast
35990-1,MR Fetal
24705-6,MR Finger
26238-6,MR Finger - bilateral
26239-4,MR Finger - left
69205-3,MR Finger - left W contrast IV
69204-6,MR Finger - left WO and W contrast IV
69206-1,MR Finger - left WO contrast
26240-2,MR Finger - right
69215-2,MR Finger - right W contrast IV
69214-5,MR Finger - right WO and W contrast IV
69216-0,MR Finger - right WO contrast
69195-6,MR Finger W contrast IV
69194-9,MR Finger WO and W contrast IV
69196-4,MR Finger WO contrast
24707-2,MR Foot
26241-0,MR Foot - bilateral
36180-8,MR Foot - bilateral W contrast IV
36342-4,MR Foot - bilateral WO and W contrast IV
36467-9,MR Foot - bilateral WO contrast
26242-8,MR Foot - left
36182-4,MR Foot - left W contrast IV
36344-0,MR Foot - left WO and W contrast IV
36469-5,MR Foot - left WO contrast
26243-6,MR Foot - right
36184-0,MR Foot - right W contrast IV
36346-5,MR Foot - right WO and W contrast IV
36471-1,MR Foot - right WO contrast
36179-0,MR Foot W contrast IV
30682-9,MR Foot WO and W contrast IV
30681-1,MR Foot WO contrast
24710-6,MR Forearm
26244-4,MR Forearm - bilateral
69175-8,MR Forearm - bilateral W contrast IV
69174-1,MR Forearm - bilateral WO and W contrast IV
69176-6,MR Forearm - bilateral WO contrast
26245-1,MR Forearm - left
36188-1,MR Forearm - left W contrast IV
36349-9,MR Forearm - left WO and W contrast IV
36474-5,MR Forearm - left WO contrast
26246-9,MR Forearm - right
36190-7,MR Forearm - right W contrast IV
36351-5,MR Forearm - right WO and W contrast IV
36476-0,MR Forearm - right WO contrast
36186-5,MR Forearm W contrast IV
30684-5,MR Forearm WO and W contrast IV
30683-7,MR Forearm WO contrast
69192-3,MR Guidance for aspiration of cyst of Breast
69169-1,MR Guidance for biopsy of Breast - bilateral
69203-8,MR Guidance for biopsy of Breast - left
69213-7,MR Guidance for biopsy of Breast - right
69200-4,MR Guidance for biopsy of Chest Pleura
69197-2,MR Guidance for biopsy of Liver
69198-0,MR Guidance for biopsy of Muscle
69199-8,MR Guidance for biopsy of Pancreas
69201-2,MR Guidance for biopsy of Salivary gland
69202-0,MR Guidance for biopsy of Thyroid gland
80504-4,MR Guidance for biopsy of Unspecified body region
80498-9,MR Guidance for needle localization of Breast - left
80497-1,MR Guidance for needle localization of Breast - right
39028-6,MR Guidance for needle localization of Unspecified body region
80509-3,MR Guidance for placement of clip in Unspecified body region
82123-1,MR Guidance for radiation treatment of Unspecified body region
30664-7,MR Guidance for radiation treatment of Unspecified body region-- W contrast IV
30665-4,MR Guidance for radiation treatment of Unspecified body region-- WO contrast
36936-3,MR Guidance for stereotactic biopsy of Brain
30656-3,MR Guidance for stereotactic localization of Brain-- W contrast IV
44122-0,MR Guidance for stereotactic localization of Brain-- WO and W contrast IV
30800-7,MR Guidance for stereotactic localization of Brain-- WO contrast
24720-5,MR Hand
26247-7,MR Hand - bilateral
69178-2,MR Hand - bilateral W contrast IV
69177-4,MR Hand - bilateral WO and W contrast IV
69179-0,MR Hand - bilateral WO contrast
26248-5,MR Hand - left
36194-9,MR Hand - left W contrast IV
36354-9,MR Hand - left WO and W contrast IV
36479-4,MR Hand - left WO contrast
26249-3,MR Hand - right
36196-4,MR Hand - right W contrast IV
36356-4,MR Hand - right WO and W contrast IV
36481-0,MR Hand - right WO contrast
36192-3,MR Hand W contrast IV
30686-0,MR Hand WO and W contrast IV
30685-2,MR Hand WO contrast
24748-6,MR Heart
39140-9,MR Heart cine for blood flow velocity mapping
44126-1,MR Heart cine for blood flow velocity mapping W contrast IV
37434-8,MR Heart cine for function
36091-7,MR Heart limited
44127-9,MR Heart limited cine for function
36197-2,MR Heart W contrast IV
58750-1,MR Heart W stress
58749-3,MR Heart W stress and WO and W contrast IV
80500-2,MR Heart W stress and WO contrast
36357-2,MR Heart WO and W contrast IV
36482-8,MR Heart WO contrast
36013-1,MR Hip
36017-2,MR Hip - bilateral
36202-0,MR Hip - bilateral W contrast IV
36361-4,MR Hip - bilateral WO and W contrast IV
36486-9,MR Hip - bilateral WO contrast
36020-6,MR Hip - left
36121-2,MR Hip - left Arthrogram
69207-9,MR Hip - left Arthrogram WO and W contrast
36204-6,MR Hip - left W contrast IV
36363-0,MR Hip - left WO and W contrast IV
36488-5,MR Hip - left WO contrast
36022-2,MR Hip - right
36122-0,MR Hip - right Arthrogram
69217-8,MR Hip - right Arthrogram WO and W contrast
36206-1,MR Hip - right W contrast IV
36365-5,MR Hip - right WO and W contrast IV
36490-1,MR Hip - right WO contrast
36120-4,MR Hip Arthrogram
36199-8,MR Hip W contrast IV
30688-6,MR Hip WO and W contrast IV
30687-8,MR Hip WO contrast
36083-4,MR Inferior vena cava
36418-2,MR Inferior vena cava WO and W contrast IV
36545-2,MR Inferior vena cava WO contrast
35956-2,MR Internal auditory canal
24735-3,MR Internal auditory canal and Posterior fossa
24740-3,MR Internal auditory canal and Posterior fossa WO and W contrast IV
36088-3,MR Internal auditory canal limited
36155-0,MR Internal auditory canal W contrast IV
30659-7,MR Internal auditory canal WO and W contrast IV
30658-9,MR Internal auditory canal WO contrast
28576-7,MR Joint
36812-6,MR Joint Arthrogram
36871-2,MR Joint WO contrast
36033-9,MR Kidney
36034-7,MR Kidney - bilateral
36219-4,MR Kidney - bilateral W contrast IV
36378-8,MR Kidney - bilateral WO and W contrast IV
36504-9,MR Kidney - bilateral WO contrast
36035-4,MR Kidney - left
36220-2,MR Kidney - left W contrast IV
36036-2,MR Kidney - right
36221-0,MR Kidney - right W contrast IV
36113-9,MR Kidney W contrast IV
43775-6,MR Kidney WO and W contrast IV
43773-1,MR Kidney WO contrast
24802-1,MR Knee
26256-8,MR Knee - bilateral
36224-4,MR Knee - bilateral W contrast IV
26199-0,MR Knee - bilateral WO and W contrast IV
36506-4,MR Knee - bilateral WO contrast
26257-6,MR Knee - left
36126-1,MR Knee - left Arthrogram
43452-2,MR Knee - left dynamic W contrast IV
36226-9,MR Knee - left W contrast IV
26200-6,MR Knee - left WO and W contrast IV
36508-0,MR Knee - left WO contrast
26258-4,MR Knee - right
36127-9,MR Knee - right Arthrogram
43453-0,MR Knee - right dynamic W contrast IV
36228-5,MR Knee - right W contrast IV
26201-4,MR Knee - right WO and W contrast IV
36510-6,MR Knee - right WO contrast
36125-3,MR Knee Arthrogram
36223-6,MR Knee W contrast IV
24803-9,MR Knee WO and W contrast IV
30691-0,MR Knee WO contrast
36045-3,MR Larynx
36230-1,MR Larynx W contrast IV
36382-0,MR Larynx WO and W contrast IV
48445-1,MR Larynx WO contrast
36046-1,MR Liver
36231-9,MR Liver W contrast IV
30670-4,MR Liver WO and W contrast IV
43448-0,MR Liver WO and W ferumoxides IV
30669-6,MR Liver WO contrast
30692-8,MR Lower extremity
35975-2,MR Lower extremity - bilateral
36163-4,MR Lower extremity - bilateral W contrast IV
36289-7,MR Lower extremity - bilateral WO and W contrast IV
36451-3,MR Lower extremity - bilateral WO contrast
35978-6,MR Lower extremity - left
36165-9,MR Lower extremity - left W contrast IV
36291-3,MR Lower extremity - left WO and W contrast IV
36453-9,MR Lower extremity - left WO contrast
35980-2,MR Lower extremity - right
36167-5,MR Lower extremity - right W contrast IV
36333-3,MR Lower extremity - right WO and W contrast IV
36455-4,MR Lower extremity - right WO contrast
24687-6,MR Lower Extremity Joint
26227-9,MR Lower extremity joint - bilateral
26228-7,MR Lower extremity joint - left
36107-1,MR Lower extremity joint - left limited WO contrast
36214-5,MR Lower extremity joint - left W contrast IV
36372-1,MR Lower extremity joint - left WO and W contrast IV
36498-4,MR Lower extremity joint - left WO contrast
26229-5,MR Lower extremity joint - right
38769-6,MR Lower extremity joint - right limited WO contrast
36215-2,MR Lower extremity joint - right W contrast IV
36373-9,MR Lower extremity joint - right WO and W contrast IV
36499-2,MR Lower extremity joint - right WO contrast
69210-3,MR Lower Extremity Joint Arthrogram
36093-3,MR Lower Extremity Joint limited
36213-7,MR Lower Extremity Joint W contrast IV
36371-3,MR Lower Extremity Joint WO and W contrast IV
36497-6,MR Lower Extremity Joint WO contrast
39293-6,MR Lower extremity W contrast IV
39291-0,MR Lower extremity WO and W contrast IV
39292-8,MR Lower extremity WO contrast
24821-1,MR Lower leg
42696-5,MR Lower leg - bilateral
42695-7,MR Lower leg - bilateral W contrast IV
42697-3,MR Lower leg - bilateral WO and W contrast IV
69185-7,MR Lower leg - bilateral WO contrast
36075-0,MR Lower leg - left
36261-6,MR Lower leg - left W contrast IV
36410-9,MR Lower leg - left WO and W contrast IV
36539-5,MR Lower leg - left WO contrast
36076-8,MR Lower leg - right
36263-2,MR Lower leg - right W contrast IV
36412-5,MR Lower leg - right WO and W contrast IV
36541-1,MR Lower leg - right WO contrast
36259-0,MR Lower leg W contrast IV
30870-0,MR Lower leg WO and W contrast IV
30869-2,MR Lower leg WO contrast
24968-0,MR Lumbar spine
36100-6,MR Lumbar spine limited W contrast IV
36111-3,MR Lumbar spine limited WO contrast
24977-1,MR Lumbar spine W anesthesia
48436-0,MR Lumbar spine W contrast IT
30678-7,MR Lumbar spine W contrast IV
48452-7,MR Lumbar spine WO and W contrast IT
24967-2,MR Lumbar spine WO and W contrast IV
30679-5,MR Lumbar spine WO contrast
30866-8,MR Lumbosacral plexus
37234-2,MR Mediastinum
37272-2,MR Mediastinum WO and W contrast IV
80495-5,MR Mediastinum WO contrast
69211-1,MR Nasal bones
30860-1,MR Nasopharynx
36233-5,MR Nasopharynx W contrast IV
36384-6,MR Nasopharynx WO and W contrast IV
36513-0,MR Nasopharynx WO contrast
24839-3,MR Neck
48461-8,MR Neck limited
24841-9,MR Neck W contrast IV
24840-1,MR Neck WO and W contrast IV
30660-5,MR Neck WO contrast
30857-7,MR Nerves cranial
36777-1,MR Orbit
24852-6,MR Orbit - bilateral W contrast IV
24851-8,MR Orbit - bilateral WO and W contrast IV
30661-3,MR Orbit - bilateral WO contrast
38836-3,MR Orbit - left
36821-7,MR Orbit - left W contrast IV
36843-1,MR Orbit - left WO and W contrast IV
36873-8,MR Orbit - left WO contrast
36778-9,MR Orbit - right
36822-5,MR Orbit - right W contrast IV
36844-9,MR Orbit - right WO and W contrast IV
36874-6,MR Orbit - right WO contrast
42303-8,MR Orbit and Face
43530-5,MR Orbit and Face and Neck
46321-6,MR Orbit and Face and Neck W contrast IV
46310-9,MR Orbit and Face and Neck WO and W contrast IV
46332-3,MR Orbit and Face and Neck WO contrast
39038-5,MR Orbit and Face W contrast IV
39029-4,MR Orbit and Face WO and W contrast IV
36956-1,MR Orbit and Face WO contrast
36820-9,MR Orbit W contrast IV
36842-3,MR Orbit WO and W contrast IV
36872-0,MR Orbit WO contrast
43455-5,MR Oropharynx
36779-7,MR Ovary
43506-5,MR Ovary - bilateral
36823-3,MR Ovary W contrast IV
36845-6,MR Ovary WO and W contrast IV
36875-3,MR Ovary WO contrast
36052-9,MR Pancreas
36236-8,MR Pancreas W contrast IV
36385-3,MR Pancreas WO and W contrast IV
36515-5,MR Pancreas WO contrast
36053-7,MR Parathyroid gland
37224-3,MR Parotid gland
37241-7,MR Parotid gland W contrast IV
37265-6,MR Parotid gland WO and W contrast IV
37281-3,MR Parotid gland WO contrast
24867-4,MR Pelvis
24872-4,MR Pelvis and Hip
26259-2,MR Pelvis and Hip - bilateral
26260-0,MR Pelvis and Hip - left
26261-8,MR Pelvis and Hip - right
30672-0,MR Pelvis and Hip WO and W contrast IV
30671-2,MR Pelvis and Hip WO contrast
72245-4,MR Pelvis Defecography W contrast PR
42389-7,MR Pelvis Endorectal
80585-3,MR Pelvis Endorectal W contrast IV
72244-7,MR Pelvis Endorectal WO and W contrast IV
69212-9,MR Pelvis limited
36237-6,MR Pelvis W contrast IV
30674-6,MR Pelvis WO and W contrast IV
30673-8,MR Pelvis WO contrast
24880-7,MR Pituitary and Sella turcica
36238-4,MR Pituitary and Sella turcica W contrast IV
24879-9,MR Pituitary and Sella turcica WO and W contrast IV
30666-2,MR Pituitary and Sella turcica WO contrast
36056-0,MR Posterior fossa
36243-4,MR Posterior fossa W contrast IV
36388-7,MR Posterior fossa WO and W contrast IV
36518-9,MR Posterior fossa WO contrast
30675-3,MR Prostate
42388-9,MR Prostate Endorectal
36244-2,MR Prostate W contrast IV
36389-5,MR Prostate WO and W contrast IV
36519-7,MR Prostate WO contrast
43454-8,MR Pulmonary system
36031-3,MR Sacroiliac Joint
36218-6,MR Sacroiliac Joint W contrast IV
36376-2,MR Sacroiliac Joint WO and W contrast IV
36502-3,MR Sacroiliac Joint WO contrast
36059-4,MR Sacrum
36060-2,MR Sacrum and Coccyx
36247-5,MR Sacrum and Coccyx W contrast IV
36392-9,MR Sacrum and Coccyx WO and W contrast IV
36522-1,MR Sacrum and Coccyx WO contrast
36246-7,MR Sacrum W contrast IV
36391-1,MR Sacrum WO and W contrast IV
36521-3,MR Sacrum WO contrast
36933-0,MR Salivary gland
36061-0,MR Scapula
36248-3,MR Scapula - left W contrast IV
36393-7,MR Scapula - left WO and W contrast IV
36523-9,MR Scapula - left WO contrast
36249-1,MR Scapula - right W contrast IV
36394-5,MR Scapula - right WO and W contrast IV
38770-4,MR Scapula - right WO contrast
36073-5,MR Scrotum and testicle
69221-0,MR Scrotum and testicle W contrast IV
36406-7,MR Scrotum and testicle WO and W contrast IV
36535-3,MR Scrotum and testicle WO contrast
24905-2,MR Shoulder
26266-7,MR Shoulder - bilateral
69184-0,MR Shoulder - bilateral W contrast IV
26202-2,MR Shoulder - bilateral WO and W contrast IV
36525-4,MR Shoulder - bilateral WO contrast
26268-3,MR Shoulder - left
36130-3,MR Shoulder - left Arthrogram
69208-7,MR Shoulder - left Arthrogram WO and W contrast
38830-6,MR Shoulder - left W contrast IV
26203-0,MR Shoulder - left WO and W contrast IV
38834-8,MR Shoulder - left WO contrast
26270-9,MR Shoulder - right
36132-9,MR Shoulder - right Arthrogram
69218-6,MR Shoulder - right Arthrogram WO and W contrast
36254-1,MR Shoulder - right W contrast IV
26204-8,MR Shoulder - right WO and W contrast IV
36528-8,MR Shoulder - right WO contrast
36129-5,MR Shoulder Arthrogram
36251-7,MR Shoulder W contrast IV
24906-0,MR Shoulder WO and W contrast IV
30693-6,MR Shoulder WO contrast
24914-4,MR Sinuses
24915-1,MR Sinuses W contrast IV
30663-9,MR Sinuses WO and W contrast IV
30662-1,MR Sinuses WO contrast
48440-2,MR Skull base W contrast IV
69220-2,MR Skull base WO and W contrast IV
48687-8,MR Skull base WO contrast
80503-6,MR Small bowel W contrast PO and WO and W contrast IV
80501-0,MR Small bowel W contrast PO and WO contrast IV
37253-2,MR Soft tissue W contrast IV
37293-8,MR Soft tissue WO contrast
37442-1,MR spectroscopy Brain
37443-9,MR spectroscopy Unspecified body region
36067-7,MR Spine
38061-8,MR Spine Cervical and Spine Thoracic and Spine Lumbar and Sacrum W contrast IV
36256-6,MR Spine W contrast IV
36400-0,MR Spine WO and W contrast IV
36531-2,MR Spine WO contrast
36070-1,MR Spleen
36404-2,MR Spleen WO and W contrast IV
36533-8,MR Spleen WO contrast
36072-7,MR Sternum
36419-0,MR Superior vena cava WO and W contrast IV
36546-0,MR Superior vena cava WO contrast
24999-5,MR Temporomandibular joint
37228-4,MR Temporomandibular joint - bilateral
37245-8,MR Temporomandibular joint - bilateral W contrast IV
37269-8,MR Temporomandibular joint - bilateral WO and W contrast IV
37285-4,MR Temporomandibular joint - bilateral WO contrast
37230-0,MR Temporomandibular joint - left
37247-4,MR Temporomandibular joint - left W contrast IV
37270-6,MR Temporomandibular joint - left WO and W contrast IV
37286-2,MR Temporomandibular joint - left WO contrast
37231-8,MR Temporomandibular joint - right
37249-0,MR Temporomandibular joint - right W contrast IV
37271-4,MR Temporomandibular joint - right WO and W contrast IV
37287-0,MR Temporomandibular joint - right WO contrast
37435-5,MR Temporomandibular joint cine
37244-1,MR Temporomandibular joint W contrast IV
37268-0,MR Temporomandibular joint WO and W contrast IV
37284-7,MR Temporomandibular joint WO contrast
24702-3,MR Thigh
26235-2,MR Thigh - bilateral
26196-6,MR Thigh - bilateral WO and W contrast IV
26236-0,MR Thigh - left
36175-8,MR Thigh - left W contrast IV
26197-4,MR Thigh - left WO and W contrast IV
36463-8,MR Thigh - left WO contrast
26237-8,MR Thigh - right
36177-4,MR Thigh - right W contrast IV
26198-2,MR Thigh - right WO and W contrast IV
36465-3,MR Thigh - right WO contrast
36173-3,MR Thigh W contrast IV
24703-1,MR Thigh WO and W contrast IV
36461-2,MR Thigh WO contrast
35947-1,MR Thoracic and abdominal aorta
35950-5,MR Thoracic Aorta
24980-5,MR Thoracic spine
36101-4,MR Thoracic spine limited W contrast IV
36112-1,MR Thoracic spine limited WO contrast
48439-4,MR Thoracic spine W contrast IT
24982-1,MR Thoracic spine W contrast IV
48441-0,MR Thoracic spine WO and W contrast IT
24981-3,MR Thoracic spine WO and W contrast IV
36532-0,MR Thoracic spine WO contrast
43507-3,MR Thymus gland
42300-4,MR Thyroid gland
36407-5,MR Thyroid gland WO and W contrast IV
36536-1,MR Thyroid gland WO contrast
36780-5,MR Toe
72243-9,MR Toes - left W contrast IV
72241-3,MR Toes - left WO and W contrast IV
72242-1,MR Toes - left WO contrast
72240-5,MR Toes - right W contrast IV
72238-9,MR Toes - right WO and W contrast IV
72239-7,MR Toes - right WO contrast
25056-3,MR Unspecified body region
80496-3,MR Unspecified body region 3D post processing
85041-2,MR Unspecified body region 3D printed model
42387-1,MR Unspecified body region cine for CSF flow
48460-0,MR Unspecified body region limited
25057-1,MR Unspecified body region W conscious sedation
49507-7,MR Unspecified body region W contrast IV
42298-0,MR Unspecified body region WO and W contrast IV
69223-6,MR Unspecified body region WO contrast
36025-5,MR Upper arm
69180-8,MR Upper arm - bilateral
69182-4,MR Upper arm - bilateral W contrast IV
69181-6,MR Upper arm - bilateral WO and W contrast IV
69183-2,MR Upper arm - bilateral WO contrast
36028-9,MR Upper arm - left
36210-3,MR Upper arm - left W contrast IV
36368-9,MR Upper arm - left WO and W contrast IV
36493-5,MR Upper arm - left WO contrast
36030-5,MR Upper arm - right
36212-9,MR Upper arm - right W contrast IV
36370-5,MR Upper arm - right WO and W contrast IV
36495-0,MR Upper arm - right WO contrast
36208-7,MR Upper arm W contrast IV
30690-2,MR Upper arm WO and W contrast IV
30689-4,MR Upper arm WO contrast
24688-4,MR Upper extremity
26232-9,MR Upper extremity - bilateral
69187-3,MR Upper extremity - bilateral W contrast IV
69186-5,MR Upper extremity - bilateral WO and W contrast IV
69188-1,MR Upper extremity - bilateral WO contrast
26233-7,MR Upper extremity - left
38829-8,MR Upper extremity - left W contrast IV
38831-4,MR Upper extremity - left WO and W contrast IV
38832-2,MR Upper extremity - left WO contrast
26234-5,MR Upper extremity - right
36171-7,MR Upper extremity - right W contrast IV
36337-4,MR Upper extremity - right WO and W contrast IV
36459-6,MR Upper extremity - right WO contrast
36817-5,MR Upper extremity joint - bilateral W contrast IV
36774-8,MR Upper extremity joint - left
36818-3,MR Upper extremity joint - left W contrast IV
36840-7,MR Upper extremity joint - left WO and W contrast IV
36869-6,MR Upper extremity joint - left WO contrast
36775-5,MR Upper extremity joint - right
36819-1,MR Upper extremity joint - right W contrast IV
36841-5,MR Upper extremity joint - right WO and W contrast IV
36870-4,MR Upper extremity joint - right WO contrast
39037-7,MR Upper extremity W contrast IV
39034-4,MR Upper extremity WO and W contrast IV
39033-6,MR Upper extremity WO contrast
30875-9,MR Upper extremity.joint
80508-5,MR Upper extremity.joint Arthrogram
36094-1,MR Upper extremity.joint limited
36216-0,MR Upper extremity.joint W contrast IV
36374-7,MR Upper extremity.joint WO and W contrast IV
36500-7,MR Upper extremity.joint WO contrast
80584-6,MR Urethra Endovaginal WO contrast
42693-2,MR Urinary bladder and Urethra cine
42301-2,MR Uterus
36265-7,MR Uterus W contrast IV
36413-3,MR Uterus WO and W contrast IV
36542-9,MR Uterus WO contrast
69222-8,MR Vena cava
46358-8,MR Whole body
80499-7,MR Whole body WO and W contrast IV
25033-2,MR Wrist
26277-4,MR Wrist - bilateral
37449-6,MR Wrist - bilateral W contrast IV
26205-5,MR Wrist - bilateral WO and W contrast IV
37462-9,MR Wrist - bilateral WO contrast
26279-0,MR Wrist - left
69209-5,MR Wrist - left and Hand - left
37445-4,MR Wrist - left Arthrogram
37451-2,MR Wrist - left W contrast IV
26206-3,MR Wrist - left WO and W contrast IV
37464-5,MR Wrist - left WO contrast
26281-6,MR Wrist - right
69219-4,MR Wrist - right and Hand - right
37446-2,MR Wrist - right Arthrogram
37453-8,MR Wrist - right W contrast IV
26207-1,MR Wrist - right WO and W contrast IV
37466-0,MR Wrist - right WO contrast
36008-1,MR Wrist and Hand
37444-7,MR Wrist Arthrogram
37448-8,MR Wrist W contrast IV
25035-7,MR Wrist WO and W contrast IV
37460-3,MR Wrist WO contrast
80502-8,MRA Abdominal Aorta and Bilateral Runoff Vessels WO and W contrast IV
36272-3,MRA Abdominal Aorta WO and W contrast IV
36432-3,MRA Abdominal Aorta WO contrast
36781-3,MRA Abdominal veins
30864-3,MRA Abdominal veins and IVC
36846-4,MRA Abdominal veins WO and W contrast IV
36791-2,MRA Abdominal vessels
24533-2,MRA Abdominal vessels W contrast IV
36855-5,MRA Abdominal vessels WO and W contrast IV
36878-7,MRA Abdominal vessels WO contrast
36792-0,MRA Adrenal vessels
36879-5,MRA Ankle vessels WO contrast
35951-3,MRA Aortic arch
30861-9,MRA Aortic arch and Neck vessels
46360-4,MRA Aortic arch WO and W contrast IV
44130-3,MRA Aortic arch WO contrast
30859-3,MRA Carotid vessels and Neck vessels
30865-0,MRA Celiac vessels and Superior mesenteric Vessels
37501-4,MRA Cervical spine vessels W contrast IV
37506-3,MRA Cervical spine vessels WO and W contrast IV
37511-3,MRA Cervical spine vessels WO contrast
36848-0,MRA Chest veins WO and W contrast IV
30862-7,MRA Chest vessels
24659-5,MRA Chest vessels W contrast IV
36420-8,MRA Chest vessels WO and W contrast IV
36547-8,MRA Chest vessels WO contrast
37235-9,MRA Circle of Willis
37254-0,MRA Circle of Willis W contrast IV
69161-8,MRA Circle of Willis WO and W contrast IV
30876-7,MRA Extremity veins
36794-6,MRA Extremity vessels
30871-8,MRA Femoral vessels
30872-6,MRA Foot vessels
30873-4,MRA Forearm vessels
30858-5,MRA Head veins
36826-6,MRA Head veins W contrast IV
36847-2,MRA Head veins WO and W contrast IV
36876-1,MRA Head veins WO contrast
30856-9,MRA Head vessels
42304-6,MRA Head vessels and Neck vessels
36808-4,MRA Head vessels limited
24593-6,MRA Head vessels W contrast IV
36857-1,MRA Head vessels WO and W contrast IV
36881-1,MRA Head vessels WO contrast
36009-9,MRA Heart
36082-6,MRA Inferior vena cava
36790-4,MRA Inferior vena cava + tributaries
36799-5,MRA Knee vessels
36800-1,MRA Knee vessels - left
38837-1,MRA Knee vessels - left WO and W contrast IV
36801-9,MRA Knee vessels - right
36862-1,MRA Knee vessels - right WO and W contrast IV
36079-2,MRA Lower extremity veins
36784-7,MRA Lower extremity veins - left
36849-8,MRA Lower extremity veins - left WO and W contrast IV
36785-4,MRA Lower extremity veins - right
36850-6,MRA Lower extremity veins - right WO and W contrast IV
36416-6,MRA Lower extremity veins WO and W contrast IV
30874-2,MRA Lower extremity vessels
35974-5,MRA Lower extremity vessels - bilateral
44135-2,MRA Lower extremity vessels - bilateral W contrast IV
36450-5,MRA Lower extremity vessels - bilateral WO contrast
36795-3,MRA Lower extremity vessels - left
36858-9,MRA Lower extremity vessels - left WO and W contrast IV
36882-9,MRA Lower extremity vessels - left WO contrast
36796-1,MRA Lower extremity vessels - right
36859-7,MRA Lower extremity vessels - right WO and W contrast IV
38773-8,MRA Lower extremity vessels - right WO contrast
46324-0,MRA Lower extremity vessels W contrast IV
44128-7,MRA Lower extremity vessels WO and W contrast IV
44129-5,MRA Lower extremity vessels WO contrast
43512-3,MRA Lower leg vessels - bilateral W contrast IV
43513-1,MRA Lower leg vessels - left
43556-0,MRA Lower leg vessels - right
24820-3,MRA Lower leg vessels W contrast IV
37502-2,MRA Lumbar spine vessels W contrast IV
37507-1,MRA Lumbar spine vessels WO and W contrast IV
37994-1,MRA Lumbar spine vessels WO contrast
36788-8,MRA Neck veins
36827-4,MRA Neck veins W contrast IV
36853-0,MRA Neck veins WO and W contrast IV
36877-9,MRA Neck veins WO contrast
36085-9,MRA Neck vessels
24844-3,MRA Neck vessels W contrast IV
36423-2,MRA Neck vessels WO and W contrast IV
36549-4,MRA Neck vessels WO contrast
36802-7,MRA Orbit vessels
36832-4,MRA Orbit vessels W contrast IV
43458-9,MRA Orbit vessels WO and W contrast IV
36789-6,MRA Pelvis veins
36854-8,MRA Pelvis veins WO and W contrast IV
30867-6,MRA Pelvis vessels
24873-2,MRA Pelvis vessels W contrast IV
36863-9,MRA Pelvis vessels WO and W contrast IV
36883-7,MRA Pelvis vessels WO contrast
36077-6,MRA Portal vein
36414-1,MRA Portal vein WO and W contrast IV
36543-7,MRA Portal vein WO contrast
69162-6,MRA Pulmonary artery - bilateral W contrast IA
36803-5,MRA Pulmonary vessels
36275-6,MRA Renal artery WO and W contrast IV
36078-4,MRA Renal vein
36415-8,MRA Renal vein WO and W contrast IV
36544-5,MRA Renal vein WO contrast
30868-4,MRA Renal vessels
36804-3,MRA Renal vessels - bilateral
30887-4,MRA Renal vessels W contrast IV
44134-5,MRA Renal vessels WO and W contrast IV
44133-7,MRA Renal vessels WO contrast
36805-0,MRA Shoulder vessels
36806-8,MRA Shoulder vessels - left
36864-7,MRA Shoulder vessels - left WO and W contrast IV
36807-6,MRA Shoulder vessels - right
36865-4,MRA Shoulder vessels - right WO and W contrast IV
37277-1,MRA Spinal veins WO and W contrast IV
37497-5,MRA Spine vessels
37500-6,MRA Spine vessels W contrast IV
37505-5,MRA Spine vessels WO and W contrast IV
37510-5,MRA Spine vessels WO contrast
36782-1,MRA Subclavian artery
46359-6,MRA Superior mesenteric vessels
44231-9,MRA Superior mesenteric vessels WO and W contrast IV
44230-1,MRA Superior mesenteric vessels WO contrast
43514-9,MRA Thigh vessels - left WO contrast
43515-6,MRA Thigh vessels - right WO contrast
25003-5,MRA Thigh vessels W contrast IV
35946-3,MRA Thoracic and abdominal aorta
44131-1,MRA Thoracic and abdominal aorta WO and W contrast IV
44132-9,MRA Thoracic and abdominal aorta WO contrast
24660-3,MRA Thoracic Aorta
36274-9,MRA Thoracic Aorta WO and W contrast IV
36433-1,MRA Thoracic Aorta WO contrast
26181-8,MRA Thoracic inlet vessels - bilateral W contrast IV
26182-6,MRA Thoracic inlet vessels - left W contrast IV
26183-4,MRA Thoracic inlet vessels - right W contrast IV
24584-5,MRA Thoracic inlet vessels W contrast IV
49565-5,MRA Thoracic spine vessels
37503-0,MRA Thoracic spine vessels W contrast IV
37508-9,MRA Thoracic spine vessels WO and W contrast IV
37512-1,MRA Thoracic spine vessels WO contrast
30888-2,MRA Tibioperoneal vessels
25058-9,MRA Unspecified body region W contrast IV
36080-0,MRA Upper extremity veins
36786-2,MRA Upper extremity veins - left
36851-4,MRA Upper extremity veins - left WO and W contrast IV
36787-0,MRA Upper extremity veins - right
36852-2,MRA Upper extremity veins - right WO and W contrast IV
36417-4,MRA Upper extremity veins WO and W contrast IV
36084-2,MRA Upper extremity vessels
36797-9,MRA Upper extremity vessels - left
36860-5,MRA Upper extremity vessels - left WO and W contrast IV
36798-7,MRA Upper extremity vessels - right
36861-3,MRA Upper extremity vessels - right WO and W contrast IV
24549-8,MRA Upper extremity vessels W contrast IV
36422-4,MRA Upper extremity vessels WO and W contrast IV
36548-6,MRA Upper extremity vessels WO contrast
36783-9,MRA Veins
36081-8,MRA Vena cava
43516-4,MRA Wrist vessels - left WO contrast
43517-2,MRA Wrist vessels - right WO contrast
72248-8,MRCP Abdomen WO and W contrast IV
58740-2,MRCP Abdomen WO contrast
81545-6,NM Abdomen and Pelvis Views for shunt patency
44149-3,NM Abdomen and Pelvis Views for shunt patency W Tc-99m MAA inj
44140-2,NM Abdomen and Pelvis Views for tumor
39738-0,NM Abdomen Views W In-111 Satumomab IV
42158-6,NM Adrenal gland Views
39857-8,NM Adrenal gland Views W I-131 MIBG IV
39624-2,NM Adrenal gland Views W I-131 NP59 IV
39625-9,NM Artery Views W Tc-99m DTPA IA
24571-2,NM Biliary ducts and Gallbladder Views for patency of biliary structures and ejection fraction W sincalide and W radionuclide IV
24572-0,NM Biliary ducts and Gallbladder Views for patency of biliary structures W Tc-99m IV
39880-0,NM Bone 2 Phase Views
39883-4,NM Bone 3 Phase Views
39901-4,NM Bone 3 Phase Views multiple areas
39902-2,NM Bone 3 Phase Views single area
39884-2,NM Bone Blood pool
39819-8,NM Bone Delayed Views
39627-5,NM Bone Limited Views
41836-8,NM Bone Limited Views W In-111 tagged WBC IV
39822-2,NM Bone marrow Limited Views
39907-1,NM Bone marrow Multiple area Views
39824-8,NM Bone marrow Views
44146-9,NM Bone marrow Views W Tc-99m SC IV
39904-8,NM Bone Multiple area Views
25031-6,NM Bone Views
39858-6,NM Bone Views for blood flow
25032-4,NM Bone Views W In-111 tagged WBC IV
39820-6,NM Bone Views W Sm-153 IV
39812-3,NM Bone Views W Tc-99m HMPAO IV
44142-8,NM Bone Views W Tc-99m medronate IV
42700-5,NM Bone Views W Tc-99m tagged WBC IV
81597-7,NM Bones Views for metastasis W Ra-223 IV
81573-8,NM Brain Brain death protocol Views
24591-0,NM Brain Brain death protocol Views W Tc-99m HMPAO IV
39859-4,NM Brain Delayed Views
81574-6,NM Brain GE 4 Views
81575-3,NM Brain GE 4 Views for blood flow
39634-1,NM Brain Limited Views
43644-4,NM Brain Limited Views for blood flow
81576-1,NM Brain LT 4 Views for blood flow
39643-2,NM Brain veins Views
24730-4,NM Brain Views
43459-7,NM Brain Views during electroconvulsive shock treatment
39636-6,NM Brain Views for blood flow
43550-3,NM Brain Views for blood flow and function
44148-5,NM Brain Views for blood flow W Tc-99m bicisate IV
43642-8,NM Brain Views for blood flow W Tc-99m DTPA IV
43643-6,NM Brain Views for blood flow W Tc-99m glucoheptonate IV
44150-1,NM Brain Views W Tc-99m bicisate IV
39642-4,NM Brain Views W Tc-99m glucoheptonate IV
39630-9,NM Brain Views W Tc-99m HMPAO IV
39635-8,NM Brain Views W Tl-201 IV
39645-7,NM Breast Limited Views
64051-6,NM Breast lymphatic vessels - left Views W radionuclide intra lymphatic
64052-4,NM Breast lymphatic vessels - right Views W radionuclide intra lymphatic
39646-5,NM Breast Views
51389-5,NM Breast Views W Tl-201 IV
39874-3,NM Cerebral cisterns Delayed Views W radionuclide IT
24663-7,NM Cerebral cisterns Views W radionuclide IT
39672-1,NM Esophagus Views for motility W radionuclide PO
39673-9,NM Esophagus Views for reflux W radionuclide PO
24683-5,NM Esophagus+Stomach Views W Tc-99m SC PO
81590-2,NM Extremity veins - bilateral Views for thrombosis
81591-0,NM Extremity veins - unilateral Views for thrombosis
39895-8,NM Gallbladder Views for ejection fraction W Tc-99m DISIDA IV
41770-9,NM Gallbladder Views W cholecystokinin and W radionuclide IV
39674-7,NM Gallbladder Views W Tc-99m DISIDA IV
81544-9,NM Gastrointestinal tract Views for gastrointestinal bleeding
24714-8,NM Gastrointestinal tract Views for gastrointestinal bleeding W Tc-99m tagged RBC IV
39689-5,NM Gastrointestinal tract Views W Tc-99m SC IV
39620-0,NM Guidance for abscess localization limited of Unspecified body region
39623-4,NM Guidance for abscess localization of Whole body
39953-5,NM Guidance for localization of tumor multiple areas of Unspecified body region
39758-8,NM Guidance for localization of tumor of Breast
39763-8,NM Guidance for localization of tumor of Whole body
81599-3,NM Guidance for multiple days for localization of tumor of Whole body
39760-4,NM Guidance limited for localization of tumor
39761-2,NM Guidance limited for localization of tumor-- W Tc-99m Sestamibi IV
81611-6,NM Head to Pelvis Views for shunt patency
39848-7,NM Head to Pelvis Views for shunt patency W In-111 IT
39849-5,NM Head to Pelvis Views for shunt patency W radionuclide IT
24876-5,NM Head to Pelvis Views for shunt patency W Tc-99m DTPA IT
81543-1,NM Head Views for CSF leak with rhinorrhea or otorrhea W radionuclide IT
42166-9,NM Heart 2 Views at rest and W Tl-201 IV
39861-0,NM Heart Blood pool
81612-4,NM Heart Blood pool and Ejection fraction and First pass
39860-2,NM Heart Blood pool W stress and W radionuclide IV
39864-4,NM Heart First pass
81563-9,NM Heart First pass and Blood pool
39889-1,NM Heart First pass and Ejection fraction
39887-5,NM Heart First pass and Ejection fraction at rest and W radionuclide IV
39885-9,NM Heart First pass and Ventricular volume
39890-9,NM Heart First pass and Wall motion
39910-5,NM Heart First pass and Wall motion and Ejection fraction
39912-1,NM Heart First pass and Wall motion and Ventricular volume and Ejection fraction
39909-7,NM Heart First pass and Wall motion and Ventricular volume and Ejection fraction W stress and W radionuclide IV
39908-9,NM Heart First pass and Wall motion and Ventricular volume W stress and W radionuclide IV
39886-7,NM Heart First pass and Wall motion at rest and W radionuclide IV
39888-3,NM Heart First pass and Wall motion W stress and W radionuclide IV
39867-7,NM Heart First pass at rest and W radionuclide IV
39863-6,NM Heart First pass at rest and W stress and W radionuclide IV
39866-9,NM Heart First pass at rest and W Tc-99m Sestamibi IV
39869-3,NM Heart First pass W stress and W radionuclide IV
39868-5,NM Heart First pass W stress and W Tc-99m Sestamibi IV
39915-4,NM Heart Gated
81566-2,NM Heart Gated and Blood pool and Ejection fraction and Wall motion W multiple states of exercise
81567-0,NM Heart Gated and Blood pool and Ejection fraction and Wall motion W single state of exercise
39917-0,NM Heart Gated and Ejection fraction
39923-8,NM Heart Gated and Ejection fraction at rest and W radionuclide IV
39919-6,NM Heart Gated and First pass
42306-1,NM Heart Gated and Wall motion
39931-1,NM Heart Gated and Wall motion and Ejection fraction
39925-3,NM Heart Gated and Wall motion and Ejection fraction at rest and W radionuclide IV
39929-5,NM Heart Gated and Wall motion W stress and W radionuclide IV
39921-2,NM Heart Gated at rest and W radionuclide IV
39924-6,NM Heart Gated at rest and W stress and W radionuclide IV
39922-0,NM Heart Gated at rest and W Tc-99m pertechnetate IV
39920-4,NM Heart Gated at rest and W Tc-99m Sestamibi IV
39928-7,NM Heart Gated W stress and W radionuclide IV
39927-9,NM Heart Gated W stress and W Tc-99m pertechnetate IV
39914-7,NM Heart Gated W Tc-99m Sestamibi IV
39716-6,NM Heart Perfusion
39719-0,NM Heart Perfusion at rest and W adenosine and W radionuclide IV
43777-2,NM Heart Perfusion at rest and W adenosine and W Tl-201 IV
39722-4,NM Heart Perfusion at rest and W dipyridamole and W radionuclide IV
39720-8,NM Heart Perfusion at rest and W dipyridamole and W Tc-99m Sestamibi IV
39728-1,NM Heart Perfusion at rest and W radionuclide IV
39726-5,NM Heart Perfusion at rest and W stress and W radionuclide IV
39727-3,NM Heart Perfusion at rest and W stress and W Tc-99m Sestamibi IV
39699-4,NM Heart Perfusion at rest and W Tc-99m Sestamibi IV
43660-0,NM Heart Perfusion qualitative at rest and W radionuclide IV
43658-4,NM Heart Perfusion quantitative
43661-8,NM Heart Perfusion quantitative at rest and W radionuclide IV
39701-8,NM Heart Perfusion W adenosine and W radionuclide IV
39731-5,NM Heart Perfusion W adenosine and W Tc-99m Sestamibi IV
39735-6,NM Heart Perfusion W adenosine and W Tl-201 IV
39709-1,NM Heart Perfusion W dipyridamole and W Tc-99m IV
39705-9,NM Heart Perfusion W dipyridamole and W Tc-99m Sestamibi IV
39707-5,NM Heart Perfusion W dipyridamole and W Tl-201 IV
39708-3,NM Heart Perfusion W dipyridamole IV
39702-6,NM Heart Perfusion W dobutamine and W Tc-99m Sestamibi IV
39733-1,NM Heart Perfusion W dobutamine and W Tl-201 IV
39703-4,NM Heart Perfusion W dobutamine IV
81571-2,NM Heart Perfusion W multiple states of exercise
81570-4,NM Heart Perfusion W single state of exercise
39730-7,NM Heart Perfusion W stress and W radionuclide IV
39732-3,NM Heart Perfusion W stress and W Tc-99m Sestamibi IV
39715-8,NM Heart Perfusion W stress and W Tl-201 IV
39704-2,NM Heart Perfusion W Tc-99m Sestamibi IV
39714-1,NM Heart Perfusion W Tl-201 IV
39713-3,NM Heart Perfusion W Tl-201 IV and W Tc-99m Tetrofosmin IV
43646-9,NM Heart Qualitative and Quantitative Views for infarct
43645-1,NM Heart Qualitative Views for infarct
43647-7,NM Heart Quantitative Views for infarct
39650-7,NM Heart Views
39660-6,NM Heart Views at rest and W dipyridamole and W radionuclide IV
39661-4,NM Heart Views at rest and W dobutamine and W radionuclide IV
39663-0,NM Heart Views at rest and W stress and W radionuclide IV
42309-5,NM Heart Views at rest and W stress and W Tl-201 IV
24750-2,NM Heart Views at rest and W Tl-201 IV
39871-9,NM Heart Views for blood flow
39893-3,NM Heart Views for blood flow and shunt detection
39870-1,NM Heart Views for blood flow W Tc-99m pertechnetate IV
39653-1,NM Heart Views for infarct
39892-5,NM Heart Views for infarct and first pass
39891-7,NM Heart Views for infarct and first pass W Tc-99m PYP IV
39657-2,NM Heart Views for infarct W Tc-99m PYP IV
39665-5,NM Heart Views for shunt detection
39664-8,NM Heart Views for shunt detection W Tc-99m MAA IV
39651-5,NM Heart Views W adenosine and W Tl-201 IV
39652-3,NM Heart Views W dobutamine and W Tl-201 IV
42161-0,NM Heart Views W dobutamine IV
39666-3,NM Heart Views W stress and W 201 Th IV
39667-1,NM Heart Views W stress and W radionuclide IV
69231-9,NM Heart Views W stress and W Tc-99m IV
69232-7,NM Heart Views W stress and W Tc-99m Sestamibi IV
44143-6,NM Heart Views W Tc-99m tagged RBC IV
39873-5,NM Heart Wall motion
39932-9,NM Heart Wall motion and Ejection fraction
39936-0,NM Joint Limited Views
39937-8,NM Joint Multiple area Views W radionuclide XXX
39939-4,NM Joint Views
24770-0,NM Joint Views W In-111 intrajoint
39850-3,NM Kidney - bilateral Views W I-131 IV
81607-4,NM Kidney cortex Views
24776-7,NM Kidney Views
42261-8,NM Kidney Views for blood flow
81604-1,NM Kidney Views for glomerular filtration rate
43461-3,NM Kidney Views W furosemide IV
24773-4,NM Kidney Views W radionuclide transplant scan
41771-7,NM Kidney Views W Tc-99m DMSA IV
39745-5,NM Kidney Views W Tc-99m DTPA IV
44234-3,NM Kidney Views W Tc-99m glucoheptonate IV
39746-3,NM Kidney Views W Tc-99m Mertiatide IV
44233-5,NM Kidney Views WO and W Tc-99m DTPA IV
44232-7,NM Kidney Views WO and W Tc-99m Mertiatide IV
30877-5,NM Kidney+Renal vessels Views
43666-7,NM Kidney+Renal vessels Views for blood flow W Tc-99m glucoheptonate IV
43667-5,NM Kidney+Renal vessels Views W Tc-99m DTPA IV
26088-5,NM Knee - bilateral Views
26089-3,NM Knee - left Views
26090-1,NM Knee - right Views
24804-7,NM Knee Views
39670-5,NM Lacrimal duct Views W radionuclide intra lacrimal duct
39865-1,NM Left ventricle First pass
43557-8,NM Liver and Biliary ducts and Gallbladder Views
43789-7,NM Liver and Biliary ducts and Gallbladder Views for patency W Tc-99m IV
81606-6,NM Liver and Biliary ducts and Gallbladder Views W cholecystokinetic IV
43650-1,NM Liver and Biliary ducts and Gallbladder Views W cholecystokinin and W radionuclide IV
43651-9,NM Liver and Biliary ducts and Gallbladder Views W sincalide and W radionuclide IV
39877-6,NM Liver and Spleen Views
39877-6,NM Liver and Spleen Views
43653-5,NM Liver and Spleen Views for blood flow
44141-0,NM Liver and Spleen Views W Tc-99m MAA IV
81206-5,NM Liver and Spleen Views W Tc-99m SC IV
42709-6,NM Liver Blood pool
39693-7,NM Liver Views
42262-6,NM Liver Views for blood flow
43654-3,NM Liver Views for blood flow W Tc-99m tagged RBC IV
81609-0,NM Liver Views W SIR-spheres intraarterial hepatic injection
69230-1,NM Liver Views W Tc-99m SC IV
39690-3,NM Liver Views W Tc-99m tagged RBC IV
81610-8,NM Liver Views W Theraspheres intraarterial hepatic injection
44144-4,NM Liver Views W Xe-133 IH
81542-3,NM Lumbar spine Views for CSF leak post lumbar puncture W radionuclide IT
39897-4,NM Lung and Liver Views
88944-4,NM Lung and Liver Views for AV shunt W Tc-99m MAA+W intraarterial hepatic injection
39940-2,NM Lung Clearance W Tc-99m DTPA aerosol IH
39695-2,NM Lung Limited Views
39697-8,NM Lung Perfusion
43656-8,NM Lung Perfusion quantitative
24824-5,NM Lung Portable Views
43657-6,NM Lung Quantitative Views
81596-9,NM Lung Quantitative Views Ventilation and Perfusion
39837-0,NM Lung Ventilation
39947-7,NM Lung Ventilation and Equilibrium
39944-4,NM Lung Ventilation and Equilibrium and Washout
39942-8,NM Lung Ventilation and Perfusion
39946-9,NM Lung Ventilation and Perfusion and Differential
39834-7,NM Lung Ventilation W Tc-99m DTPA aerosol IH
46361-2,NM Lung Ventilation W Xe-133 IH
39696-0,NM Lung Views W depreotide IV
81594-4,NM Lymph node - bilateral Views
81593-6,NM Lymph node Views
81595-1,NM Lymph node Views for lymphedema
24826-0,NM Lymphatic vessels Views W radionuclide intra lymphatic
39737-2,NM Neck Views
39739-8,NM Pancreas Views
39741-4,NM Parathyroid gland Delayed Views
39742-2,NM Parathyroid gland Views
44145-1,NM Parathyroid gland Views W Tc-99m Sestamibi IV
24751-0,NM Parathyroid gland Views W TI-201 subtraction Tc-99m IV
39847-9,NM Parotid gland Views for blood flow
69233-5,NM Parotid gland Views W Tc-99m pertechnetate IV
39950-1,NM Prostate Multiple area Views W Tc-99m capromab pendatide IV
39744-8,NM Prostate Views W Tc-99m capromab pendatide IV
30697-7,NM Pulmonary system Ventilation and Perfusion
24888-0,NM Pulmonary system Ventilation and Perfusion W Xe-133 IH and W Tc-99m MAA IV
39619-2,NM Pulmonary system Views
39671-3,NM Rectum Views W radionuclide PO
43669-1,NM Renal vessels Views
43664-2,NM Renal vessels Views for blood flow W Tc-99m DTPA IV
43663-4,NM Renal vessels Views for blood flow W Tc-99m glucoheptonate IV
43665-9,NM Renal vessels Views for blood flow W Tc-99m Mertiatide IV
39747-1,NM Salivary gland Views
39899-0,NM Salivary gland Views for blood flow
81572-0,NM Salivary gland Views for function
26091-9,NM Scrotum and Testicle - bilateral Views W Tc-99m pertechnetate IV
26092-7,NM Scrotum and Testicle - left Views W Tc-99m pertechnetate IV
26093-5,NM Scrotum and Testicle - right Views W Tc-99m pertechnetate IV
30696-9,NM Scrotum and testicle Views
42308-7,NM Scrotum and testicle Views for blood flow
39952-7,NM Scrotum and testicle Views for blood flow and function
39753-9,NM Scrotum and testicle Views W Tc-99m DTPA IV
25001-9,NM Scrotum and testicle Views W Tc-99m pertechnetate IV
43562-8,NM Skeletal system.axial Views for bone density
43563-6,NM Skeletal system.peripheral Views for bone density
39629-1,NM Small bowel Views for Meckel's diverticulum
24831-0,NM Small bowel Views for Meckel's diverticulum W Tc-99m M04 IV
39751-3,NM Spleen Views
42263-4,NM Spleen Views for blood flow
39752-1,NM Spleen Views W radionuclide tagged heat damaged RBC IV
39767-9,NM Stomach Views for gastric emptying liquid phase W radionuclide PO
81602-5,NM Stomach Views for gastric emptying solid phase W radionuclide PO
24997-9,NM Stomach Views for gastric emptying solid phase W Tc-99m SC PO
39769-5,NM Stomach Views for gastric emptying W radionuclide PO
39768-7,NM Stomach Views for gastric emptying W Tc-99m SC PO
30694-4,NM Thyroid gland and uptake single view
39754-7,NM Thyroid gland Limited Views W I-131 IV
43671-7,NM Thyroid gland Spot
81582-9,NM Thyroid gland Uptake
81582-9,NM Thyroid gland Uptake
30695-1,NM Thyroid gland Views
43672-5,NM Thyroid gland Views and Views uptake
42271-7,NM Thyroid gland Views and Views uptake W I-123 IV
60527-9,NM Thyroid gland Views and Views uptake W I-123 PO
25008-4,NM Thyroid gland Views and Views uptake W I-131 IV
69236-8,NM Thyroid gland Views and Views uptake W I-131 PO
44147-7,NM Thyroid gland Views and Views uptake W Tc-99m pertechnetate IV
39856-0,NM Thyroid gland Views for blood flow
81581-1,NM Thyroid gland Views for dosimetry W radionuclide PO
81581-1,NM Thyroid gland Views for dosimetry W radionuclide PO
81580-3,NM Thyroid gland Views for therapy W I-131 PO
25007-6,NM Thyroid gland Views W I-131 IV
39757-0,NM Thyroid gland Views W Tc-99m IV
39756-2,NM Thyroid gland Views W Tc-99m Sestamibi IV
81587-8,NM Unspecified body region Limited Views for infection or inflammation
81600-9,NM Unspecified body region Limited Views for infection or inflammation W Tc-99m tagged WBC IV
81601-7,NM Unspecified body region Limited Views for thyroid tumor metastasis
81601-7,NM Unspecified body region Limited Views for thyroid tumor metastasis
39831-3,NM Unspecified body region Limited Views for tumor W Ga-67 IV
39687-9,NM Unspecified body region Limited Views W Ga-67 IV
49571-3,NM Unspecified body region Limited Views W I-131 MIBG IV
39843-8,NM Unspecified body region Limited Views W In-111 Satumomab IV
39935-2,NM Unspecified body region Multiple area Views W Ga-67 IV
39949-3,NM Unspecified body region Multiple area Views W In-111 Satumomab IV
49118-3,NM Unspecified body region Views
39685-3,NM Unspecified body region Views for abscess W Ga-67 IV
42776-5,NM Unspecified body region Views for AV shunt
43648-5,NM Unspecified body region Views for endocrine tumor multiple areas W I-131 MIBG IV
43649-3,NM Unspecified body region Views for endocrine tumor multiple areas W In-111 pentetreotide IV
39933-7,NM Unspecified body region Views for infection multiple areas W Ga-67 IV
39677-0,NM Unspecified body region Views for infection W Ga-67 IV
39934-5,NM Unspecified body region Views for tumor multiple areas W Ga-67 IV
39951-9,NM Unspecified body region Views for tumor multiple areas W Tc-99m Sestamibi IV
39679-6,NM Unspecified body region Views for tumor W Ga-67 IV
39750-5,NM Unspecified body region Views for tumor W Tc-99m Sestamibi IV
39688-7,NM Unspecified body region Views W Ga-67 IV
39841-2,NM Unspecified body region Views W I-131 MIBG IV
39846-1,NM Unspecified body region Views W In-111 Satumomab IV
81585-2,NM Unspecified body region Views W tagged WBC IV
81605-8,NM Ureter and Urinary bladder Views
25018-3,NM Urinary bladder Views
39626-7,NM Vein - bilateral Views
39954-3,NM Vein Views for thrombosis
39765-3,NM Vein Views W Tc-99m DTPA IV
39766-1,NM Vein Views W Tc-99m HDP IV
39764-6,NM Vein Views W Tc-99m SC IV
43501-6,NM Vessel Views
43500-8,NM Vessel Views for blood flow
81546-4,NM Views for blood flow and kidney function
81608-2,NM Views for blood flow and kidney function W ACE inhibitor PO
81603-3,NM Views for blood flow and kidney function W diuretic IV
81592-8,NM Views for transplanted kidney
39694-5,NM Views for transplanted liver
39882-6,NM Whole body Bone 3 Phase Views
39826-3,NM Whole body Bone marrow Views
39818-0,NM Whole body Bone Views
39875-0,NM Whole body Delayed Views W Ga-67 IV
39840-4,NM Whole body Delayed Views W I-131 MIBG IV
39842-0,NM Whole body Delayed Views W In-111 Satumomab IV
42175-0,NM Whole body Views
39827-1,NM Whole body Views for endocrine tumor W I-131 MIBG IV
39828-9,NM Whole body Views for endocrine tumor W In-111 pentetreotide IV
81589-4,NM Whole body Views for infection or inflammation
39830-5,NM Whole body Views for infection W Ga-67 IV
42170-1,NM Whole body Views for lymphoma
39686-1,NM Whole body Views for lymphoma W Ga-67 IV
81588-6,NM Whole body Views for thyroid tumor
81598-5,NM Whole body Views for thyroid tumor metastasis post therapy
42171-9,NM Whole body Views for tumor
39829-7,NM Whole body Views for tumor W Ga-67 IV
82136-3,NM Whole body Views for tumor W I-123 MIBG IV
39749-7,NM Whole body Views for tumor W Tc-99m Sestamibi IV
42305-3,NM Whole body Views for tumor W Tl-201 IV
39683-8,NM Whole body Views W Ga-67 IV
39698-6,NM Whole body Views W I-131 MIBG IV
39845-3,NM Whole body Views W In-111 Satumomab IV
42711-2,NM Whole body Views W In-111 tagged WBC IV
42708-8,NM Whole body Views W In-111 tiuxetan IV
81583-7,NM Whole body Views W Sm-153 IV
81584-5,NM Whole body Views W tagged WBC IV
39669-7,NM Whole body Views W Tc-99m Arcitumomab IV
81586-0,NM Whole body Views W Y-90 ibritumomab tiuxetan IV
81551-4,PET+CT Bone from skull base to mid-thigh W 18F-NaF IV
87907-2,PET+CT Brain for amyloidosis
86976-8,PET+CT Brain metabolic
89712-4,PET+CT Guidance for limited for localization of tumor of Unspecified body region-- W 18F-FDG IV and W contrast IV
87905-6,PET+CT Guidance for localization of tumor of Head and Neck-- W 18F-FDG IV
81554-8,PET+CT Guidance for localization of tumor of Skull base to mid-thigh-- W 18F-FDG IV
82809-5,PET+CT Guidance for localization of tumor of Skull base to mid-thigh-- W 18F-FDG IV and W contrast IV
82808-7,PET+CT Guidance for localization of tumor of Skull base to mid-thigh-- W 18F-FDG IV and WO contrast
87915-5,PET+CT Guidance for localization of tumor of Skull vertex to mid-thigh-- W 18F-FDG IV and W contrast IV
82807-9,PET+CT Guidance for localization of tumor of Skull vertex to mid-thigh-- W 18F-FDG IV and WO contrast
81555-5,PET+CT Guidance for localization of tumor of Whole body-- W 18F-FDG IV
82806-1,PET+CT Guidance for localization of tumor of Whole body-- W 18F-FDG IV and W contrast IV
82805-3,PET+CT Guidance for localization of tumor of Whole body-- W 18F-FDG IV and WO contrast
81553-0,PET+CT Guidance limited for localization of tumor of Unspecified body region-- W 18F-FDG IV
82800-4,PET+CT Heart W contrast IV
82801-2,PET+CT Heart WO contrast
81559-7,PET+CT Unspecified body region for simulation limited
81552-2,PET+CT Whole body Bone W 18F-NaF IV
37151-8,Portable RF Unspecified body region Views
36588-2,Portable XR Abdomen AP
24792-4,Portable XR Abdomen AP and AP left lateral-decubitus
24793-2,Portable XR Abdomen AP and Lateral
30763-7,Portable XR Abdomen AP and Lateral crosstable
24560-5,Portable XR Abdomen AP left lateral-decubitus
24564-7,Portable XR Abdomen AP upright
37076-7,Portable XR Abdomen Supine and Lateral-decubitus
24795-7,Portable XR Abdomen Supine and Upright
30764-5,Portable XR Acetabulum - bilateral Views
30765-2,Portable XR Acetabulum Views
41823-6,Portable XR Ankle - left Views
41782-4,Portable XR Ankle - right Views
44203-8,Portable XR Cervical and thoracic and lumbar spine Views
30727-2,Portable XR Cervical spine AP
30726-4,Portable XR Cervical spine AP and Lateral
37079-1,Portable XR Cervical spine AP and Lateral and Odontoid
44187-3,Portable XR Cervical spine AP and Oblique and Odontoid and (Lateral W flexion and W extension)
36991-8,Portable XR Cervical spine Lateral crosstable
30724-9,Portable XR Cervical spine Single view
37171-6,Portable XR Cervical spine Views
24654-6,Portable XR Chest AP and AP right lateral-decubitus
30735-5,Portable XR Chest AP lateral-decubitus
24636-3,Portable XR Chest AP left lateral-decubitus
24652-0,Portable XR Chest AP right lateral-decubitus
36589-0,Portable XR Chest AP single view
43778-0,Portable XR Chest AP supine
36960-3,Portable XR Chest AP upright
30738-9,Portable XR Chest Left lateral
24638-9,Portable XR Chest Left lateral upright
24641-3,Portable XR Chest Left oblique
30739-7,Portable XR Chest Oblique
30743-9,Portable XR Chest PA and Lateral and Right oblique and Left oblique
24644-7,Portable XR Chest PA and Lateral upright
24645-4,Portable XR Chest PA and Right lateral and Right oblique and Left oblique upright
24649-6,Portable XR Chest Right lateral-decubitus and Left lateral-decubitus
30733-0,Portable XR Chest Right oblique and Left oblique
30746-2,Portable XR Chest Views
24632-2,Portable XR Chest Views AP
24634-8,Portable XR Chest Views W inspiration and expiration
41827-7,Portable XR Elbow - left Views
41786-5,Portable XR Elbow - right Views
44184-0,Portable XR Elbow 2 Views
41773-3,Portable XR Facial bones Views
41818-6,Portable XR Femur - left Views
41778-2,Portable XR Femur - right Views
44185-7,Portable XR Femur AP and Lateral
44186-5,Portable XR Foot AP and Lateral
41829-3,Portable XR Hand - left Views
41788-1,Portable XR Hand - right Views
44182-4,Portable XR Hand 2 Views
44193-1,Portable XR Hand GE 3 Views
43570-1,Portable XR Hand Views
41817-8,Portable XR Hip - left AP and Lateral
37169-0,Portable XR Hip - left Views
41777-4,Portable XR Hip - right AP and Lateral
38796-9,Portable XR Hip - right Views
37077-5,Portable XR Hip AP and Lateral crosstable
44176-6,Portable XR Hip Single view
37168-2,Portable XR Hip Views
37075-9,Portable XR Hip Views AP
41825-1,Portable XR Humerus - left Views
41784-0,Portable XR Humerus - right Views
37170-8,Portable XR Humerus Views
41820-2,Portable XR Knee - left Views
41779-0,Portable XR Knee - right Views
44202-0,Portable XR Knee 1 or 2 Views
36674-0,Portable XR Lumbar spine 2 Views
30776-9,Portable XR Lumbar spine 3 Views
37078-3,Portable XR Lumbar spine AP and Lateral
36992-6,Portable XR Lumbar spine Lateral crosstable
30774-4,Portable XR Lumbar spine Single view
37172-4,Portable XR Lumbar spine Views
41774-1,Portable XR Neck Lateral
30792-6,Portable XR Patella Views
44201-2,Portable XR Pelvis 1 or 2 Views
41776-6,Portable XR Pelvis and Hip - right AP and Lateral frog
44192-3,Portable XR Pelvis GE 3 Views
41775-8,Portable XR Pelvis Single view
30772-8,Portable XR Pelvis Views
44183-2,Portable XR Radius and Ulna 2 Views
41831-9,Portable XR Ribs - left Views
41791-5,Portable XR Ribs - right Views
44239-2,Portable XR Ribs - unilateral GE 3 Views and Chest PA
30747-0,Portable XR Ribs Views
41824-4,Portable XR Shoulder - left Views
41783-2,Portable XR Shoulder - right Views
30749-6,Portable XR Shoulder Single view
46391-9,Portable XR Shoulder Views
30722-3,Portable XR Skull Single view
30723-1,Portable XR Skull Views
30729-8,Portable XR Spine Cervical Odontoid and Cervical axis AP
30755-3,Portable XR Thoracic spine AP
30754-6,Portable XR Thoracic spine AP and Lateral
30757-9,Portable XR Thoracic spine Lateral
30759-5,Portable XR Thoracic spine Oblique
70932-9,Portable XR Thoracic spine Single view
41828-5,Portable XR Wrist - left Views
41787-3,Portable XR Wrist - right Views
30730-6,Portable XR Zygomatic arch - bilateral Views
30731-4,Portable XR Zygomatic arch Views
44138-6,PT Brain
81577-9,PT Brain for amyloidosis
81578-7,PT Brain metabolic
57823-7,PT Esophagus
82126-4,PT Guidance for radiation treatment of Unspecified body region
58742-8,PT Head and Neck
44137-8,PT Heart
81564-7,PT Heart for sarcoidosis
81565-4,PT Heart for tissue viability
57822-9,PT Lung
81579-5,PT perfusion Brain
81568-8,PT perfusion Heart W multiple states of exercise
81569-6,PT perfusion Heart W single state of exercise
58741-0,PT Skull base to mid-thigh
44136-0,PT Unspecified body region
44139-4,PT Whole body
25068-8,RF 1 hour
25065-4,RF 15 minutes
43471-2,RF 2 hour
25066-2,RF 30 minutes
25067-0,RF 45 minutes
43472-0,RF 90 minutes
46341-4,RF Abdomen Views
37184-9,RF Ankle - bilateral Arthrogram
37185-6,RF Ankle - left Arthrogram
37942-0,RF Ankle - right Arthrogram
37183-1,RF Ankle Arthrogram
86373-8,RF AV fistula Views W contrast via additional puncture
86391-0,RF AV fistula Views W contrast via existing catheter
24574-6,RF Biliary ducts and Gallbladder Views during surgery W contrast biliary duct
24575-3,RF Biliary ducts and Gallbladder Views W contrast percutaneous transhepatic
30647-2,RF Biliary ducts and Gallbladder Views W contrast via T-tube
86382-9,RF Biliary ducts Limited Views during surgery
86383-7,RF Biliary ducts Views W contrast IV
86376-1,RF Biliary ducts Views W contrast via existing catheter
24620-7,RF Catheter Views for patency check W contrast via catheter
86398-5,RF Cerebral cisterns Views W contrast IT
86439-7,RF Cerebral sinuses Views W contrast IV
38125-1,RF Cervical and thoracic and lumbar spine Limited Views W contrast IT
30808-0,RF Cervical and thoracic and lumbar spine Views W contrast IT
42335-0,RF Cervical spine Limited Views W contrast IT
36640-1,RF Cervical spine Views
37192-2,RF Cervical spine Views W contrast intradisc
37192-2,RF Cervical spine Views W contrast intradisc
24947-4,RF Cervical spine Views W contrast IT
24655-3,RF Chest Image intensifier during surgery
24656-1,RF Chest Single view during surgery
30631-6,RF Chest Views
37199-7,RF Chest Views W contrast PO
41797-2,RF Colon Limited Views W air and barium contrast PR
86381-1,RF Colon Screening W air and barium contrast PR
24668-6,RF Colon Single view for transit Post solid contrast
44226-9,RF Colon Views for reduction W barium contrast PR
30636-5,RF Colon Views for reduction W contrast PR
24666-0,RF Colon Views W air and barium contrast PR
46357-0,RF Colon Views W air contrast PR
44227-7,RF Colon Views W barium contrast PR
24667-8,RF Colon Views W contrast PR
37567-5,RF Colon Views W contrast via colostomy
42681-7,RF Colon Views W gastrografin PR
24669-4,RF Colon Views W water soluble contrast PR
30632-4,RF Diaphragm for motion
37187-2,RF Elbow - bilateral Arthrogram
37188-0,RF Elbow - left Arthrogram
37947-9,RF Elbow - right Arthrogram
37186-4,RF Elbow Arthrogram
30633-2,RF Esophagus Views W barium contrast PO
24678-5,RF Esophagus Views W contrast PO
24679-3,RF Esophagus Views W gastrografin PO
86437-1,RF Fistula Diagnostic W contrast intra fistula
86384-5,RF Gallbladder Views W contrast and fatty meal PO
86385-2,RF Gallbladder Views W contrast PO
42470-5,RF Gastrointestinal tract upper and Gallbladder Single view W contrast PO
42469-7,RF Gastrointestinal tract upper and Small bowel and Gallbladder Single view W contrast PO
39144-1,RF Gastrointestinal tract upper Single view W air contrast PO
24715-5,RF Gastrointestinal tract upper Single view W contrast PO
86420-7,RF Gastrointestinal tract upper Views W air contrast PO and W barium contrast PO
86386-0,RF Gastrointestinal tract upper Views W barium contrast PO
42459-8,RF Gastrointestinal tract upper Views W contrast PO
42684-1,RF Gastrointestinal tract upper Views W gastrografin PO
42012-5,RF Gastrointestinal tract upper Views W water soluble contrast PO
86378-7,RF Gastrointestinal tract Views for fistula
42702-1,RF Greater than 1 hour
86377-9,RF Guidance for advancement of feeding tube of Gastrointestinal tract
86397-7,RF Guidance for aspiration and placement of suprapubic catheter of Urinary bladder
69306-9,RF Guidance for aspiration of cyst of Bone
69121-2,RF Guidance for aspiration of cyst of Ovary
24671-0,RF Guidance for aspiration of cyst of Unspecified body region
36761-5,RF Guidance for balloon dilatation of Biliary ducts-- W contrast
35890-3,RF Guidance for biopsy of Abdomen
75669-2,RF Guidance for biopsy of Bone marrow
41803-8,RF Guidance for biopsy of Breast
35894-5,RF Guidance for biopsy of Chest
69127-9,RF Guidance for biopsy of Chest Pleura
75750-0,RF Guidance for biopsy of Intervertebral disc
35899-4,RF Guidance for biopsy of Kidney
44225-1,RF Guidance for biopsy of Liver-- W contrast IV
30634-0,RF Guidance for biopsy of Lung
69226-9,RF Guidance for biopsy of Muscle
35902-6,RF Guidance for biopsy of Pancreas
69074-3,RF Guidance for biopsy of Pelvis
41802-0,RF Guidance for biopsy of Prostate
69075-0,RF Guidance for biopsy of Salivary gland
35907-5,RF Guidance for biopsy of Spleen
69129-5,RF Guidance for biopsy of Thyroid gland
25069-6,RF Guidance for biopsy of Unspecified body region
35889-5,RF Guidance for bronchoscopy of Chest
43558-6,RF Guidance for change of dialysis catheter in Unspecified body region-- W contrast IV
30646-4,RF Guidance for change of tube in Sinus tract-- W contrast
86438-9,RF Guidance for check of feeding tube of Gastrointestinal tract upper
69073-5,RF Guidance for core needle biopsy of Unspecified body region
44221-0,RF Guidance for deep aspiration.fine needle of Tissue
72539-0,RF Guidance for denervation of Peripheral nerve
72541-6,RF Guidance for denervation of Spine Cervical Facet Joint
72540-8,RF Guidance for denervation of Spine facet joint
72542-4,RF Guidance for denervation of Spine Lumbar Facet Joint
72543-2,RF Guidance for denervation of Thoracic spine intercostal nerve
24680-1,RF Guidance for dilation of Esophagus
88834-7,"RF Guidance for dilation of nephrostomy tract, ureter, or urethra"
39361-1,RF Guidance for drainage of abscess of Liver
69120-4,RF Guidance for drainage of abscess of Neck
69122-0,RF Guidance for drainage of abscess of Pancreas
69123-8,RF Guidance for drainage of abscess of Pleural space
75747-6,RF Guidance for drainage of abscess of Pleural space - bilateral
75751-8,RF Guidance for drainage of abscess of Pleural space - left
75817-7,RF Guidance for drainage of abscess of Pleural space - right
35885-3,RF Guidance for drainage of abscess of Unspecified body region
69078-4,RF Guidance for drainage of Chest
69133-7,RF Guidance for drainage of Hip
41800-4,RF Guidance for drainage of Pharynx
43537-0,RF Guidance for drainage of Unspecified body region
43478-7,RF Guidance for endoscopy of Biliary ducts and Pancreatic duct-- 1.5 hours post contrast retrograde intrabiliary
43474-6,RF Guidance for endoscopy of Biliary ducts and Pancreatic duct-- 15m post contrast retrograde intrabiliary
43477-9,RF Guidance for endoscopy of Biliary ducts and Pancreatic duct-- 1H post contrast retrograde intrabiliary
43473-8,RF Guidance for endoscopy of Biliary ducts and Pancreatic duct-- 2H post contrast retrograde intrabiliary
43475-3,RF Guidance for endoscopy of Biliary ducts and Pancreatic duct-- 30M post contrast retrograde intrabiliary
43476-1,RF Guidance for endoscopy of Biliary ducts and Pancreatic duct-- 45M post contrast retrograde intrabiliary
30815-5,RF Guidance for endoscopy of Biliary ducts and Pancreatic duct-- W contrast retrograde
44214-5,RF Guidance for endoscopy of Biliary ducts-- W contrast retrograde
44213-7,RF Guidance for endoscopy of Pancreatic duct-- W contrast retrograde
35925-7,RF Guidance for endoscopy of Stomach
24781-7,RF Guidance for exchange of nephrostomy tube of Kidney - bilateral-- W contrast
86405-8,RF Guidance for exchange of tube of Unspecified body region
44217-8,RF Guidance for fine needle aspiration of Kidney
44220-2,RF Guidance for fine needle aspiration of Liver
44218-6,RF Guidance for fine needle aspiration of Pancreas
44216-0,RF Guidance for fine needle aspiration of Thyroid gland
44215-2,RF Guidance for fine needle aspiration of Unspecified body region
35888-7,RF Guidance for fluid aspiration of Hip
75749-2,RF Guidance for fluid aspiration of Intervertebral disc
24771-8,RF Guidance for fluid aspiration of Joint space
37887-7,RF Guidance for fluid aspiration of Pleural space
24973-0,RF Guidance for fluid aspiration of Spine.lumbar space
86404-1,RF Guidance for fluid aspiration of Urinary bladder
35926-5,RF Guidance for gastrostomy of Stomach
70918-8,RF Guidance for injection of Cervical spine
30638-1,RF Guidance for injection of Hip
36771-4,RF Guidance for injection of Joint
70919-6,RF Guidance for injection of Lumbar spine
35927-3,RF Guidance for injection of Sacroiliac Joint
48435-2,RF Guidance for injection of Salivary gland - bilateral
46392-7,RF Guidance for injection of Sinuses
37427-2,RF Guidance for injection of Spine
30812-2,RF Guidance for injection of Spine Cervical Facet Joint
24931-8,RF Guidance for injection of Spine facet joint
26322-8,RF Guidance for injection of Spine facet joint - bilateral
26323-6,RF Guidance for injection of Spine facet joint - left
26324-4,RF Guidance for injection of Spine facet joint - right
30817-1,RF Guidance for injection of Spine Lumbar Facet Joint
30814-8,RF Guidance for injection of Spine Thoracic Facet Joint
37494-2,RF Guidance for injection of Tendon
70920-4,RF Guidance for injection of Thoracic spine
72552-3,RF Guidance for kyphoplasty of Lumbar spine
72553-1,RF Guidance for kyphoplasty of Thoracic spine
86425-6,RF Guidance for manometry of Kidney
86441-3,RF Guidance for manometry of Kidney and Ureter and Urinary bladder
39027-8,RF Guidance for needle localization of Unspecified body region
69076-8,RF guidance for percutaneous biopsy of Bone
35900-0,RF Guidance for percutaneous biopsy of Liver
72544-0,RF Guidance for percutaneous device removal of nephrostomy tube of Kidney - bilateral-- W contrast
69241-8,RF Guidance for percutaneous drainage of abscess of Abdomen
69242-6,RF Guidance for percutaneous drainage of abscess of Appendix
42422-6,RF Guidance for percutaneous drainage of abscess of Breast
42423-4,RF Guidance for percutaneous drainage of abscess of Chest
69243-4,RF Guidance for percutaneous drainage of abscess of Lung
44223-6,RF Guidance for percutaneous drainage of abscess of Ovary
69244-2,RF Guidance for percutaneous drainage of abscess of Pelvis
42421-8,RF Guidance for percutaneous drainage of abscess of Unspecified body region
46372-9,RF Guidance for percutaneous drainage of Biliary ducts
24621-5,RF Guidance for percutaneous drainage of Unspecified body region
24779-1,RF Guidance for percutaneous placement of nephrostomy tube of Kidney - bilateral-- W contrast via tube
24782-5,RF Guidance for percutaneous placement of nephroureteral stent of Kidney - bilateral-- W contrast via stent
42017-4,RF Guidance for percutaneous replacement of cholecystostomy of Abdomen
72545-7,RF Guidance for percutaneous replacement of drainage tube of Biliary ducts and Gallbladder
46294-5,RF Guidance for percutaneous replacement of drainage tube of Stomach
24996-1,RF Guidance for percutaneous replacement of gastrostomy of Stomach
70923-8,RF Guidance for percutaneous vertebroplasty of Cervical spine
70924-6,RF Guidance for percutaneous vertebroplasty of Lumbar spine
35936-4,RF Guidance for percutaneous vertebroplasty of Spine
70925-3,RF Guidance for percutaneous vertebroplasty of Thoracic spine
30892-4,RF Guidance for placement of catheter in Biliary ducts and Pancreatic duct-- W contrast retrograde
86403-3,RF Guidance for placement of catheter in Fallopian tube
64998-8,RF Guidance for placement of catheter in Fallopian tube - left-- transcervical
64999-6,RF Guidance for placement of catheter in Fallopian tube - right-- transcervical
30818-9,RF Guidance for placement of catheter in Fallopian tubes-- transcervical
62450-2,RF Guidance for placement of catheter in Peritoneum
35912-5,RF Guidance for placement of catheter in Unspecified body region
24716-3,RF Guidance for placement of decompression tube in Gastrointestinal tract
86413-2,RF Guidance for placement of long feeding tube in Gastrointestinal tract
86400-9,RF Guidance for placement of needle in Unspecified body region
25078-7,RF Guidance for placement of stent in Intrahepatic portal system
39362-9,RF Guidance for placement of tube in Chest
30637-3,RF Guidance for placement of tube in Gastrointestinal tract
41799-8,RF Guidance for placement of tube in Liver
24995-3,RF Guidance for placement of tube in Stomach
44224-4,RF Guidance for placement of tube in Unspecified body region
44222-8,RF Guidance for procedure of Joint space
30629-0,RF Guidance for procedure of Unspecified body region
24570-4,RF Guidance for removal of calculus from Biliary duct common-- W contrast retrograde intra biliary
30628-2,RF Guidance for removal of foreign body of Unspecified body region
72549-9,RF Guidance for removal of tunneled CV catheter from Vein
69124-6,RF Guidance for superficial aspiration.fine needle of Tissue
38154-1,RF Guidance for superficial biopsy of Bone
24718-9,RF Guidance for transjugular biopsy of Liver-- W contrast IV
86436-3,RF Guidance for treatment of Fistula-- W contrast intra fistula
72554-9,RF Guidance for trigger point injection of Muscle
86399-3,RF Guidance for Views and Guidance for injection of non-vascular shunt of Unspecified body region
86407-4,RF Guidance of Unspecified body region
26070-3,RF Hip - bilateral Arthrogram
26071-1,RF Hip - left Arthrogram
26072-9,RF Hip - right Arthrogram
24764-3,RF Hip Arthrogram
39047-6,RF Hip Single view during surgery
37585-7,RF Jejunum Views W contrast
37191-4,RF Joint Arthrogram
86393-6,RF Kidney - bilateral and Ureter - bilateral and Urinary bladder Views W contrast retrograde
88833-9,RF Kidney - bilateral and Ureter Views W contrast retrograde intra ureter
65799-9,RF Kidney - bilateral Single view for cyst
24783-3,RF Kidney - bilateral Views for urodynamics
46376-0,RF Kidney - bilateral Views W contrast antegrade
39349-6,RF Kidney - bilateral Views W contrast retrograde
24780-9,RF Kidney - bilateral Views W contrast via nephrostomy tube
88832-1,RF Kidney - left and Ureter Views W contrast retrograde intra ureter
65800-5,RF Kidney - left Single view for cyst
38872-8,RF Kidney - left Views W contrast via nephrostomy tube
88831-3,RF Kidney - right and Ureter Views W contrast retrograde intra ureter
65801-3,RF Kidney - right Single view for cyst
38112-9,RF Kidney - right Views W contrast via nephrostomy tube
86392-8,RF Kidney and Ureter and Urinary bladder Limited Views W contrast IV
86389-4,RF Kidney and Ureter and Urinary bladder Views during surgery W contrast retrograde
86380-3,RF Kidney and Ureter and Urinary bladder Views for fistula
86387-8,RF Kidney and Ureter and Urinary bladder Views W contrast antegrade
86372-0,RF Kidney and Ureter and Urinary bladder Views W contrast IV
86388-6,RF Kidney and Ureter and Urinary bladder Views W contrast retrograde
86390-2,RF Kidney and Ureter and Urinary bladder Views W contrast via nephrostomy tube
26073-7,RF Knee - bilateral Arthrogram
26074-5,RF Knee - left Arthrogram
26075-2,RF Knee - right Arthrogram
24800-5,RF Knee Arthrogram
38098-0,RF Lacrimal duct - bilateral Views W contrast intra lacrimal duct
38099-8,RF Lacrimal duct - left Views W contrast intra lacrimal duct
38827-2,RF Lacrimal duct - right Views W contrast intra lacrimal duct
30810-6,RF Lacrimal duct Views W contrast intra lacrimal duct
48465-9,RF Larynx Views
42703-9,RF Less than 1 hour
37193-0,RF Lumbar spine Views W contrast intradisc
37193-0,RF Lumbar spine Views W contrast intradisc
24974-8,RF Lumbar spine Views W contrast IT
24845-0,RF Neck Views W contrast intra larynx
38097-2,RF Parotid gland - left Views W contrast intra salivary duct
38826-4,RF Parotid gland - right Views W contrast intra salivary duct
38116-0,RF Parotid gland Views W contrast intra salivary duct
86408-2,RF Pelvis Views for urinary pouch
37586-5,RF Penis Views W contrast intra corpus cavernosum
86410-8,RF Pharynx and Cervical esophagus Views W barium contrast PO
24998-7,RF Placement check of gastrostomy tube W contrast via GI tube
24661-1,RF Pleural space Views W contrast intra pleural space
86411-6,RF Posterior fossa - bilateral Views W contrast IT
86430-6,RF Posterior fossa - unilateral Views W contrast IT
30811-4,RF Posterior fossa Views W contrast IT
24894-8,RF Rectum and Urinary bladder Views W contrast PR and intra bladder during defecation and voiding
24893-0,RF Rectum Single view post contrast PR during defecation
86409-0,RF Rectum Views for rectal dysfunction W barium contrast PR
37189-8,RF Sacroiliac joint - bilateral Arthrogram
37190-6,RF Sacroiliac joint - left Arthrogram
37785-3,RF Sacroiliac joint - right Arthrogram
37647-5,RF Sacroiliac Joint Arthrogram
26067-9,RF Salivary gland - bilateral Views W contrast intra salivary duct
26068-7,RF Salivary gland - left Views W contrast intra salivary duct
26069-5,RF Salivary gland - right Views W contrast intra salivary duct
24902-9,RF Salivary gland Views W contrast intra salivary duct
86440-5,RF Seminal vesicle Views W contrast intra seminal vesicle
26076-0,RF Shoulder - bilateral Arthrogram
26077-8,RF Shoulder - left Arthrogram
26078-6,RF Shoulder - right Arthrogram
24910-2,RF Shoulder Arthrogram
86402-5,RF Shoulder Arthrogram limited
24911-0,RF Shunt Views
24912-8,RF Sinus tract Views W contrast intra sinus tract
86379-5,RF Small bowel Views for loop diversion
24924-3,RF Small bowel Views W contrast PO
69272-3,RF Small bowel Views W contrast via ileostomy
24923-5,RF Small bowel Views W positive contrast via enteroclysis tube
38094-9,RF Spinal cavity Views W contrast
38103-8,RF Spine Cervical and Spine Lumbar Views W contrast IT
38104-6,RF Spine epidural space Views W contrast IT
24927-6,RF Spine Views W contrast intradisc
37572-5,RF Spine Views W contrast IT
37572-5,RF Spine Views W contrast IT
75670-0,RF Spine.lumbar epidural space Views W contrast epidural
75816-9,RF Spine.thoracic epidural space Views W contrast epidural
24552-2,RF Stent Views W contrast intra stent
48698-5,RF Submandibular gland - bilateral Views W contrast intra salivary duct
42460-6,RF Submandibular gland - left Views W contrast intra salivary duct
48696-9,RF Submandibular gland - right Views W contrast intra salivary duct
38153-3,RF Submandibular gland Views W contrast intra salivary duct
37409-0,RF Temporomandibular joint - bilateral Arthrogram
37410-8,RF Temporomandibular joint - left Arthrogram
37818-2,RF Temporomandibular joint - right Arthrogram
37901-6,RF Temporomandibular joint Arthrogram
37973-5,RF Testicular vessels Views W contrast
38120-2,RF Thoracic spine Limited Views W contrast IT
70933-7,RF Thoracic spine Views W contrast intradisc
24985-4,RF Thoracic spine Views W contrast IT
48464-2,RF Trachea Views
43788-9,RF Tube Views for patency W contrast via tube
86406-6,RF Unspecified body region Less than 1 hour Views during surgery
30642-3,RF Unspecified body region Single view
49512-7,RF Unspecified body region Views
25070-4,RF Unspecified body region Views during surgery
24631-4,RF Unspecified body region Views for central venous catheter placement check
37063-5,RF Unspecified body region Views for foreign body
30650-6,RF Unspecified body region Views for shunt
37565-9,RF Unspecified body region Views W barium contrast via fistula
37566-7,RF Unspecified body region Views W contrast via catheter
37568-3,RF Unspecified body region Views W contrast via fistula
37576-6,RF Unspecified body region Views W gastrografin via fistula
41795-6,RF Upper gastrointestinal tract and Small bowel Single view W air contrast PO
30809-8,RF Upper gastrointestinal tract and Small bowel Single view W contrast PO
86427-2,RF Upper gastrointestinal tract and Small bowel Views W air contrast PO and W barium contrast PO
43574-3,RF Upper gastrointestinal tract and Small bowel Views W barium contrast PO
86443-9,RF Ureter Views W contrast intra ureter
25016-7,RF Urethra Views W contrast intra urethra
42014-1,RF Urinary bladder and Urethra Views W contrast
38100-4,RF Urinary bladder and Urethra Views W contrast antegrade
25017-5,RF Urinary bladder and Urethra Views W contrast intra bladder
43559-4,RF Urinary bladder and Urethra Views W contrast intra bladder during voiding
25020-9,RF Urinary bladder and Urethra Views W contrast retrograde via urethra
38092-3,RF Urinary bladder Views W chain and contrast intra bladder
86401-7,RF Urinary bladder Views W contrast intra bladder
37569-1,RF Urinary bladder Views W contrast via suprapubic tube
25022-5,RF Uterus and Fallopian tubes Views W contrast IU
75853-2,RF Vagina Views W contrast VG
39151-6,RF Vas deferens Views W contrast intra vas deferens
30630-8,RF videography Cerebral cisterns Views W contrast
43538-8,RF videography Cervical spine Views
24752-8,RF videography Heart Views
24681-9,RF videography Hypopharynx and Esophagus Views
86395-1,RF videography Hypopharynx and Esophagus Views for swallowing function W speech and W barium contrast PO
24682-7,RF videography Hypopharynx and Esophagus Views W liquid and paste contrast PO during swallowing
43536-2,RF videography Lumbar spine Views
24855-9,RF videography Oropharynx Views
37570-9,RF Wrist - bilateral Arthrogram
37571-7,RF Wrist - left Arthrogram
37641-8,RF Wrist - right Arthrogram
25034-0,RF Wrist Arthrogram
37598-0,RFA Abdominal and pelvic lymphatic vessels - bilateral Views W contrast intra lymphatic
37596-4,RFA Abdominal and pelvic lymphatic vessels - left Views W contrast intra lymphatic
38811-6,RFA Abdominal and pelvic lymphatic vessels - right Views W contrast intra lymphatic
37597-2,RFA Abdominal and pelvic lymphatic vessels Views W contrast intra lymphatic
43479-5,RFA Abdominal Aorta Runoff W contrast IA
30837-9,RFA Abdominal Aorta Views W contrast IA
25030-8,RFA Abdominal arteries Views W contrast IA
30840-3,RFA Abdominal lymphatic vessels - bilateral Views W contrast intra lymphatic
30839-5,RFA Abdominal lymphatic vessels Views W contrast intra lymphatic
69066-9,RFA Abdominal vessels Views W contrast IV
30831-2,RFA Adrenal artery - bilateral Views W contrast IA
37387-8,RFA Adrenal artery - left Views W contrast IA
37939-6,RFA Adrenal artery - right Views W contrast IA
30832-0,RFA Adrenal artery Views W contrast IA
30844-5,RFA Adrenal vein - bilateral Views W contrast IV
37602-0,RFA Adrenal vein - left Views W contrast IV
37940-4,RFA Adrenal vein - right Views W contrast IV
30843-7,RFA Adrenal vein Views W contrast IV
86461-1,RFA Adrenal vessel Views
38861-1,RFA Ankle arteries - left Views W contrast IA
37941-2,RFA Ankle arteries - right Views W contrast IA
30838-7,RFA Aorta and Femoral artery - bilateral Runoff W contrast IA
37364-7,RFA Aorta and Femoral artery - left Runoff W contrast IA
38799-3,RFA Aorta and Femoral artery - right Runoff W contrast IA
37380-3,RFA Aortic arch and Brachial artery Views W contrast IA
37587-3,RFA Aortic arch and Carotid artery - bilateral and Vertebral artery - bilateral Views W contrast IA
37591-5,RFA Aortic arch and External carotid artery - bilateral Views W contrast IA
37592-3,RFA Aortic arch and External carotid artery - left Views W contrast IA
37593-1,RFA Aortic arch and External carotid artery - right Views W contrast IA
37383-7,RFA Aortic arch and Subclavian artery - left Views W contrast IA
38800-9,RFA Aortic arch and Subclavian artery - right Views W contrast IA
37382-9,RFA Aortic arch and Subclavian artery Views W contrast IA
37379-5,RFA Aortic arch and Upper Extremity artery Views W contrast IA
37385-2,RFA Aortic arch and Vertebral artery - left Views W contrast IA
37386-0,RFA Aortic arch and Vertebral artery - right Views W contrast IA
69054-5,RFA Aortic arch Views W contrast IA
24551-4,RFA AV fistula Views W contrast IA
58746-9,RFA AV fistula Views W contrast IV
39363-7,RFA AV fistula Views W contrast retrograde
24569-6,RFA AV shunt Views W contrast IV
37411-6,RFA Azygos vein Views W contrast IV
37388-6,RFA Brachial artery - bilateral Views W contrast IA
30828-8,RFA Brachial artery Views W contrast IA
69077-6,RFA Brachiocephalic artery Views W contrast IA
37389-4,RFA Bronchial artery Views W contrast IA
26079-4,RFA Carotid arteries - bilateral Views W contrast IA
26080-2,RFA Carotid arteries - left Views W contrast IA
86434-8,RFA Carotid arteries - unilateral Views W contrast IA
26081-0,RFA Carotid arteries -right Views W contrast IA
37392-8,RFA Carotid arteries and Vertebral artery - bilateral Views W contrast IA
37393-6,RFA Carotid arteries and Vertebral artery - left Views W contrast IA
37943-8,RFA Carotid arteries and Vertebral artery - right Views W contrast IA
37391-0,RFA Carotid arteries and Vertebral artery Views W contrast IA
24617-3,RFA Carotid arteries Views W contrast IA
39097-1,RFA Carotid artery - bilateral and Cerebral artery - bilateral Views W contrast IA
38862-9,RFA Carotid artery and Cerebral artery - left Views W contrast IA
37944-6,RFA Carotid artery and Cerebral artery - right Views W contrast IA
38865-2,RFA Carotid artery and Cerebral artery internal - left Views W contrast IA
37953-7,RFA Carotid artery and Cerebral artery internal - right Views W contrast IA
39095-5,RFA Carotid artery and Cerebral artery Views W contrast IA
37594-9,RFA Carotid artery and Vertebral artery Views W contrast IA
37381-1,RFA Carotid artery Views W contrast IA
38863-7,RFA Carotid artery.cervical - left Views W contrast IA
37945-3,RFA Carotid artery.cervical - right Views W contrast IA
39094-8,RFA Carotid artery.cervical Views W contrast IA
39098-9,RFA Carotid artery.cervical.bilateral Views W contrast IA
30820-5,RFA Carotid artery.external - bilateral Views W contrast IA
37390-2,RFA Carotid artery.external - left Views W contrast IA
37948-7,RFA Carotid artery.external - right Views W contrast IA
30821-3,RFA Carotid artery.external Views W contrast IA
38864-5,RFA Carotid artery.internal - left Views W contrast IA
37952-9,RFA Carotid artery.internal - right Views W contrast IA
37403-3,RFA Celiac artery and Gastric artery - left and Superior mesenteric artery Views W contrast IA
37394-4,RFA Celiac artery and Superior mesenteric artery and Inferior mesenteric artery Views W contrast IA
24622-3,RFA Celiac artery Views W contrast IA
86431-4,RFA Cerebral arteries - bilateral and Cervical arteries - bilateral Views W contrast IA
86432-2,RFA Cerebral arteries - unilateral and Cervical arteries - unilateral Views W contrast IA
86429-8,RFA Cerebral arteries - unilateral Views W contrast IA
86417-3,RFA Cerebral arteries Bilateral Views W contrast IA
37173-2,RFA Cerebral artery Views W contrast IA
37195-5,RFA Cerebral vein Views W contrast IV
37588-1,RFA Common carotid artery - bilateral Views W contrast IA
37589-9,RFA Common carotid artery - left Views W contrast IA
37590-7,RFA Common carotid artery - right Views W contrast IA
37595-6,RFA Coronary arteries Views for graft W contrast IA
37174-0,RFA Coronary arteries Views W contrast IA
30819-7,RFA Epidural veins Views W contrast IV
30849-4,RFA Extremity arteries - bilateral Views W contrast IA
37395-1,RFA Extremity arteries - left Views W contrast IA
37949-5,RFA Extremity arteries - right Views W contrast IA
86428-0,RFA Extremity arteries - unilateral Views W contrast IA
30848-6,RFA Extremity arteries Views W contrast IA
30851-0,RFA Extremity lymphatic vessels - bilateral Views W contrast intra lymphatic
37599-8,RFA Extremity lymphatic vessels - left Views W contrast intra lymphatic
38812-4,RFA Extremity lymphatic vessels - right Views W contrast intra lymphatic
30850-2,RFA Extremity lymphatic vessels Views W contrast intra lymphatic
37412-4,RFA Extremity veins - bilateral Views W contrast IV
37413-2,RFA Extremity veins - left Views W contrast IV
37950-3,RFA Extremity veins - right Views W contrast IV
86396-9,RFA Extremity veins - unilateral Views W contrast IV
39055-9,RFA Extremity veins Views W contrast IV
42157-8,RFA Extremity vessels Views W contrast IV
26178-4,RFA Femoral artery - bilateral Runoff W contrast IA
26179-2,RFA Femoral artery - left Runoff W contrast IA
26180-0,RFA Femoral artery - right Runoff W contrast IA
37176-5,RFA Femoral artery and Popliteal artery Views W contrast IA
24699-1,RFA Femoral artery Runoff W contrast IA
49511-9,RFA Femoral artery Runoff WO and W contrast IA
37175-7,RFA Femoral artery Views W contrast IA
37416-5,RFA Femoral vein Views W contrast IV
37398-5,RFA Gastric artery - left Views W contrast IA
38801-7,RFA Gastric artery right Views W contrast IA
37397-7,RFA Gastric artery Views W contrast IA
37399-3,RFA Gastroduodenal artery Views W contrast IA
30649-8,RFA Guidance for Additional angioplasty of Peripheral artery-- W contrast IA
30641-5,RFA Guidance for Additional angioplasty of Vein-- W contrast IV
36760-7,RFA Guidance for angioplasty of AV shunt-- W contrast
24580-3,RFA Guidance for angioplasty of Brachiocephalic artery-- W contrast IA
24614-0,RFA Guidance for angioplasty of Carotid artery extracranial-- W contrast IA
24615-7,RFA Guidance for angioplasty of Carotid artery.intracranial-- W contrast IA
35881-2,RFA Guidance for angioplasty of Extremity artery-- W contrast IA
36762-3,RFA Guidance for angioplasty of Extremity vessel-- W contrast
36763-1,RFA Guidance for angioplasty of Femoral artery and Popliteal artery-- W contrast IA
24698-3,RFA Guidance for angioplasty of Femoral artery-- W contrast IA
26370-7,RFA Guidance for angioplasty of Iliac artery - bilateral-- W contrast IA
26371-5,RFA Guidance for angioplasty of Iliac artery - left-- W contrast IA
26372-3,RFA Guidance for angioplasty of Iliac artery - right-- W contrast IA
24766-8,RFA Guidance for angioplasty of Iliac artery-- W contrast IA
35882-0,RFA Guidance for angioplasty of Inferior vena cava-- W contrast IV
37426-4,RFA Guidance for angioplasty of Lower extremity vein-- W contrast IV
24832-8,RFA Guidance for angioplasty of Mesenteric artery-- W contrast IA
25081-1,RFA Guidance for angioplasty of Renal vessel-- W contrast IA
24543-1,RFA Guidance for angioplasty of Thoracic and abdominal aorta-- W contrast IA
43794-7,RFA Guidance for angioplasty of Tibioperoneal arteries - bilateral-- W contrast IA
43795-4,RFA Guidance for angioplasty of Tibioperoneal arteries - left-- W contrast IA
43792-1,RFA Guidance for angioplasty of Tibioperoneal arteries - right-- W contrast IA
43793-9,RFA Guidance for angioplasty of Tibioperoneal arteries-- W contrast IA
69067-7,RFA Guidance for angioplasty of Unspecified body region-- W contrast
30640-7,RFA Guidance for angioplasty of Vein-- W contrast IV
30836-1,RFA Guidance for angioplasty of Visceral artery-- W contrast IA
24568-8,RFA Guidance for atherectomy of AV fistula-- W contrast IV
36766-4,RFA Guidance for atherectomy of Coronary arteries-- W contrast IA
36764-9,RFA Guidance for atherectomy of Femoral vessel and Popliteal artery-- W contrast
69135-2,RFA Guidance for atherectomy of Iliac artery-- W contrast
69253-3,RFA Guidance for atherectomy of Renal vessels-- W contrast
35883-8,RFA Guidance for atherectomy of Thoracic and abdominal aorta-- W contrast IA
26298-0,RFA Guidance for atherectomy of Vein - bilateral-- W contrast IV
26299-8,RFA Guidance for atherectomy of Vein - left-- W contrast IV
26300-4,RFA Guidance for atherectomy of Vein - right-- W contrast IV
24755-1,RFA Guidance for atherectomy of Vein-- W contrast IV
36765-6,RFA Guidance for atherectomy of Vessel-- W contrast
26331-9,RFA Guidance for change of CV catheter in Vein - bilateral-- W contrast IV
26332-7,RFA Guidance for change of CV catheter in Vein - left-- W contrast IV
26333-5,RFA Guidance for change of CV catheter in Vein - right-- W contrast IV
24624-9,RFA Guidance for change of CV catheter in Vein-- W contrast IV
24684-3,RFA Guidance for embolectomy of Extracranial vessels-- W contrast IA
24887-2,RFA Guidance for embolectomy of Pulmonary arteries-- W contrast IA
24553-0,RFA Guidance for embolectomy of Vessel intracranial-- W contrast IV
24554-8,RFA Guidance for embolization of Artery-- W contrast IA
44219-4,RFA Guidance for fine needle aspiration of Lymph node
42334-3,RFA Guidance for injection of Internal thoracic artery - left
24882-3,RFA Guidance for percutaneous transluminal angioplasty of Popliteal artery-- W contrast IA
69252-5,RFA Guidance for percutaneous transluminal angioplasty of Pulmonary arteries-- W contrast IA
69248-3,RFA Guidance for percutaneous transluminal angioplasty of Renal artery-- W contrast IA
69301-0,RFA Guidance for percutaneous transluminal angioplasty of Upper extremity vein-- W contrast IV
42018-2,RFA Guidance for percutaneous transluminal angioplasty of Vein-- W contrast IA
25028-2,RFA Guidance for placement of catheter for infusion of thrombolytic in Vessel-- W contrast intravascular
25029-0,RFA Guidance for placement of catheter for vasoconstrictor infusion in Vessels
25077-9,RFA Guidance for placement of catheter in Hepatic artery-- W contrast IA
41801-2,RFA Guidance for placement of catheter in Portal vein-- W contrast IV
26310-3,RFA Guidance for placement of CV catheter in Vein - bilateral-- W contrast IV
26311-1,RFA Guidance for placement of CV catheter in Vein - left-- W contrast IV
26312-9,RFA Guidance for placement of CV catheter in Vein - right-- W contrast IV
24625-6,RFA Guidance for placement of CV catheter in Vein-- W contrast IV
25024-1,RFA Guidance for placement of peripherally-inserted central venous catheter in Vein
26304-6,RFA Guidance for placement of peripherally-inserted central venous catheter in Vein - bilateral
26305-3,RFA Guidance for placement of peripherally-inserted central venous catheter in Vein - left
26306-1,RFA Guidance for placement of peripherally-inserted central venous catheter in Vein - right
62491-6,RFA Guidance for placement of prosthesis in Iliac artery - left-- W contrast IA
62492-4,RFA Guidance for placement of prosthesis in Iliac artery - right-- W contrast IA
24555-5,RFA Guidance for placement of stent in Artery
65797-3,RFA Guidance for placement of stent in Artery - left
65798-1,RFA Guidance for placement of stent in Artery - right
69134-5,RFA Guidance for placement of stent in Iliac artery
24756-9,RFA Guidance for placement of stent in Vein
26301-2,RFA Guidance for placement of stent in Vein - bilateral
26302-0,RFA Guidance for placement of stent in Vein - left
26303-8,RFA Guidance for placement of stent in Vein - right
51391-1,RFA Guidance for placement of TIPS of Portal vein and Hepatic vein
25026-6,RFA Guidance for placement of venous filter in Inferior vena cava-- W contrast IV
72546-5,RFA Guidance for removal of CV catheter lumen obstruction of Vein
72548-1,RFA Guidance for removal of CV catheter of Vein-- W contrast IV
72547-3,RFA Guidance for removal of CV catheter pericatheter obstruction of Vein
25073-8,RFA Guidance for removal of foreign body from Vessel
72538-2,RFA Guidance for removal of peripherally-inserted central venous catheter of Vein
86464-5,RFA Guidance for repair of aneurysm or dissection of Infrarenal aorta
72550-7,RFA Guidance for repair of CV catheter with port or pump of Vein
72551-5,RFA Guidance for repair of CV catheter without port or pump of Vein
26295-6,RFA Guidance for reposition of CV catheter in Vein - bilateral-- W contrast IV
26296-4,RFA Guidance for reposition of CV catheter in Vein - left-- W contrast IV
26297-2,RFA Guidance for reposition of CV catheter in Vein - right-- W contrast IV
24626-4,RFA Guidance for reposition of CV catheter in Vein-- W contrast IV
43761-6,RFA Guidance for thrombectomy of Vein - bilateral-- W contrast IV
43762-4,RFA Guidance for thrombectomy of Vein - left-- W contrast IV
43764-0,RFA Guidance for thrombectomy of Vein - right-- W contrast IV
43763-2,RFA Guidance for thrombectomy of Vein-- W contrast IV
39138-3,RFA Guidance for vascular access of Vessel
30822-1,RFA Head artery - bilateral and Neck artery - bilateral Views W contrast IA
62448-6,RFA Head artery - left and Neck artery - left Views W contrast IA
62449-4,RFA Head artery - right and Neck artery - right Views W contrast IA
30823-9,RFA Head artery and Neck artery Views W contrast IA
25076-1,RFA Hepatic artery Views W contrast IA
39096-3,RFA Hepatic veins Views for hemodynamics W contrast IV
39093-0,RFA Hepatic veins Views W contrast IV
37177-3,RFA Iliac artery - bilateral Views W contrast IA
37178-1,RFA Iliac artery - left Views W contrast IA
37739-0,RFA Iliac artery - right Views W contrast IA
24862-5,RFA Iliac artery Internal Views W contrast IA
43782-2,RFA Iliac artery Views W contrast IA
37179-9,RFA Inferior mesenteric artery Views W contrast IA
37421-5,RFA Inferior mesenteric vein Views W contrast IV
30845-2,RFA Inferior vena cava Views W contrast IV
30824-7,RFA Intercranial vessel and Neck Vessel Views W contrast
37401-7,RFA Internal maxillary artery Views W contrast IA
37404-1,RFA Internal pudendal artery Views W contrast IA
64995-4,RFA Internal thoracic artery - left Views W contrast IA
65000-2,RFA Internal thoracic artery - right Views W contrast IA
30829-6,RFA Internal thoracic artery Views W contrast IA
37419-9,RFA Intraosseous veins Views W contrast IV
86435-5,RFA Jugular vein - bilateral Views W contrast IV
86426-4,RFA Jugular vein - unilateral Views W contrast IV
47986-5,RFA Lower extremity arteries - left Views W contrast IA
47987-3,RFA Lower extremity arteries - right Views W contrast IA
37487-6,RFA Lower extremity arteries Views W contrast IA
37414-0,RFA Lower extremity veins - bilateral Views W contrast IV
37196-3,RFA Lower extremity veins - left Views W contrast IV
37767-1,RFA Lower extremity veins - right Views W contrast IV
38853-8,RFA Lower extremity vessels - left Views W contrast
37765-5,RFA Lower extremity vessels - right Views W contrast
37574-1,RFA Lower extremity vessels Views W contrast IV
86433-0,RFA Lumbar spine intercostal arteries Views W contrast IA
37600-4,RFA Lymphatic vessels - left Views W contrast intra lymphatic
38813-2,RFA Lymphatic vessels - right Views W contrast intra lymphatic
24827-8,RFA Lymphatic vessels Views W contrast intra lymphatic
24833-6,RFA Mesenteric artery Views W contrast IA
37422-3,RFA Orbit veins - left Views W contrast IV
37958-6,RFA Orbit veins - right Views W contrast IV
30825-4,RFA Orbit veins Views W contrast IV
24860-9,RFA Pancreatic artery Views W contrast IA
86374-6,RFA Pedal lymphatic vessels - bilateral Views W contrast intra lymphatic
86375-3,RFA Pedal lymphatic vessels - unilateral Views W contrast intra lymphatic
86412-4,RFA Pedal lymphatic vessels Views W contrast intra lymphatic
37601-2,RFA Pelvic lymphatic vessels - bilateral Views W contrast intra lymphatic
39510-3,RFA Pelvic lymphatic vessels Views W contrast intra lymphatic
37935-4,RFA Pelvis arteries and Lower extremity arteries - bilateral Views W contrast IA
30833-8,RFA Pelvis arteries Views W contrast IA
37615-2,RFA Pelvis vessels Views W contrast
44240-0,RFA Peripheral arteries - bilateral Views W contrast IA
24874-0,RFA Peripheral arteries Views W contrast IA
30648-0,RFA Peripheral artery Views for angioplasty W contrast IA
24685-0,RFA Peripheral veins Views W contrast IV
37936-2,RFA Peripheral vessels Views W contrast
30816-3,RFA Peritoneum Views W contrast percutaneous intraperitoneal
37181-5,RFA Popliteal artery - left Views W contrast IA
37778-8,RFA Popliteal artery - right Views W contrast IA
69249-1,RFA Popliteal artery Views W contrast IA
30842-9,RFA Portal vein Views for hemodynamics W contrast transhepatic
69250-9,RFA Portal vein Views W contrast IV
30841-1,RFA Portal vein Views W contrast transhepatic
37182-3,RFA Pulmonary arteries - left Views W contrast IA
86418-1,RFA Pulmonary arteries - unilateral Views W contrast IA
39057-5,RFA Pulmonary arteries Views W contrast IA
30830-4,RFA Pulmonary artery - bilateral Views W contrast IA
86414-0,RFA Renal arteries - unilateral Views W contrast IA
25079-5,RFA Renal arteries Views W contrast IA
30834-6,RFA Renal artery - bilateral Views W contrast IA
62446-0,RFA Renal artery - left Views W contrast IA
62447-8,RFA Renal artery - right Views W contrast IA
25080-3,RFA Renal vein - bilateral Views for renin sampling W contrast IV
30846-0,RFA Renal vein - bilateral Views W contrast IV
37423-1,RFA Renal vein - left Views W contrast IV
37959-4,RFA Renal vein - right Views W contrast IV
86415-7,RFA Renal vein - unilateral Views W contrast IV
43783-0,RFA Renal vein Views for renin sampling W contrast IV
30847-8,RFA Renal vein Views W contrast IV
64140-7,RFA Renal vessels - left Views W contrast
64141-5,RFA Renal vessels - right Views W contrast
37640-0,RFA Renal vessels Views W contrast
37779-6,RFA Right pulmonary arteries Views W contrast IA
37969-3,RFA Sinus vein Views W contrast IV
26082-8,RFA Spinal artery - bilateral Views W contrast IA
26083-6,RFA Spinal artery - left Views W contrast IA
26084-4,RFA Spinal artery - right Views W contrast IA
24925-0,RFA Spinal artery Views W contrast IA
86460-3,RFA Spine vessel Views
24992-0,RFA Splenic artery Views W contrast IA
24991-2,RFA Splenic vein and Portal vein Views W contrast IA
37970-1,RFA Splenic vein Views W contrast IV
37405-8,RFA Subclavian artery - bilateral Views W contrast IA
37406-6,RFA Subclavian artery - left Views W contrast IA
37966-9,RFA Subclavian artery - right Views W contrast IA
24581-1,RFA Subclavian artery and Brachial artery Views W contrast IA
37886-9,RFA Subclavian artery Views W contrast IA
37971-9,RFA Subclavian vein Views W contrast IV
37402-5,RFA Superior mesenteric artery and Inferior mesenteric artery Views W contrast IA
37180-7,RFA Superior mesenteric artery Views W contrast IA
37972-7,RFA Superior mesenteric vein Views W contrast IV
30645-6,RFA Superior vena cava Views W contrast IV
24658-7,RFA Thoracic and abdominal aorta Views W contrast IA
86394-4,RFA Thoracic Aorta Views W contrast IA
38119-4,RFA Thoracic artery Views W contrast IA
25005-0,RFA Three vessels Views W contrast
37489-2,RFA Tibioperoneal arteries Views W contrast IA
25014-2,RFA Two vessels Views W contrast
37396-9,RFA Upper extremity arteries - bilateral Views W contrast IA
37488-4,RFA Upper extremity arteries - left Views W contrast IA
37967-7,RFA Upper extremity arteries - right Views W contrast IA
37977-6,RFA Upper extremity arteries Views W contrast IA
37415-7,RFA Upper extremity veins - bilateral Views W contrast IV
38859-5,RFA Upper extremity veins - left Views W contrast IV
37824-0,RFA Upper extremity veins - right Views W contrast IV
24550-6,RFA Upper extremity veins Views W contrast IV
37976-8,RFA Upper extremity vessels Views W contrast
24576-1,RFA Urinary bladder arteries Views W contrast IA
37979-2,RFA Uterine artery Views W contrast IA
26064-6,RFA Vein - bilateral Views W contrast IV
26065-3,RFA Vein - left Views W contrast IV
26066-1,RFA Vein - right Views W contrast IV
25023-3,RFA Vein Views W contrast IV
25025-8,RFA Vena cava Views W contrast IV
37407-4,RFA Vertebral artery - bilateral Views W contrast IA
37490-0,RFA Vertebral artery - left Views W contrast IA
37968-5,RFA Vertebral artery - right Views W contrast IA
86442-1,RFA Vertebral artery - unilateral Views W contrast IA
37384-5,RFA Vertebral artery Views W contrast IA
37980-0,RFA Vertebral vessels Views W contrast
30639-9,RFA Vessel Single view W contrast
25063-9,RFA Vessel Single view W contrast IA
25064-7,RFA Vessel Views for angioplasty W contrast IA
43554-5,RFA Vessels - left Views W contrast IV
42156-0,RFA Vessels Views W contrast IA
86419-9,RFA Visceral arteries Views W contrast IA
37981-8,RFA Visceral vessels Views W contrast
30852-8,RFA XXX>Peripheral veins - bilateral Views W contrast IV
39879-2,SPECT Bone
39813-1,SPECT Bone limited
39823-0,SPECT Bone marrow
39821-4,SPECT Bone marrow limited
39906-3,SPECT Bone marrow multiple areas
39905-5,SPECT Bone multiple areas
41772-5,SPECT Bone W In-111 tagged WBC IV
24578-7,SPECT Bones
39632-5,SPECT Brain
39637-4,SPECT Brain for blood flow
81557-1,SPECT Brain W florbetapir IV
39638-2,SPECT Brain W I-123 IV
44152-7,SPECT Brain W Tc-99m bicisate IV
39640-8,SPECT Brain W Tc-99m DTPA IV
39641-6,SPECT Brain W Tc-99m glucoheptonate IV
39631-7,SPECT Brain W Tc-99m HMPAO IV
81558-9,SPECT Brain W Tc-99m IV
39639-0,SPECT Brain W Tl-201 IV
39644-0,SPECT Breast
39770-3,SPECT Gastrointestinal tract
39621-8,SPECT Guidance for abscess localization of Unspecified body region
39622-6,SPECT Guidance for abscess localization of Whole body
39762-0,SPECT Guidance for localization of tumor of Whole body
46366-1,SPECT guidance for percutaneous biopsy of Bone
46373-7,SPECT Guidance for placement of tube in Chest
46384-4,SPECT Guidance for superficial biopsy of Bone
39759-6,SPECT Guidance limited for localization of tumor
39649-9,SPECT Heart
39658-0,SPECT Heart at rest and W radionuclide IV
39662-2,SPECT Heart at rest and W stress and W Tc-99m Sestamibi IV
49566-3,SPECT Heart at rest and W Tc-99m Sestamibi IV
39862-8,SPECT Heart blood pool at rest and W radionuclide IV
39656-4,SPECT Heart for infarct
39654-9,SPECT Heart for infarct W Tc-99m PYP IV
39655-6,SPECT Heart for infarct W Tc-99m Sestamibi IV
39916-2,SPECT Heart gated
39913-9,SPECT Heart gated and ejection fraction
46395-0,SPECT Heart gated and ejection fraction at rest and W stress and W radionuclide IV
39918-8,SPECT Heart gated and wall motion
46396-8,SPECT Heart gated at rest and W Tc-99m Sestamibi IV
39930-3,SPECT Heart gated W stress and W radionuclide IV
39712-5,SPECT Heart perfusion
49569-7,SPECT Heart perfusion and wall motion at rest and W stress and W Tl-201 IV and W Tc-99m Sestamibi IV
39725-7,SPECT Heart perfusion at rest and W adenosine and W Tl-201 IV
39718-2,SPECT Heart perfusion at rest and W radionuclide IV
39724-0,SPECT Heart perfusion at rest and W stress and W radionuclide IV
39723-2,SPECT Heart perfusion at rest and W stress and W Tl-201 IV
49568-9,SPECT Heart perfusion at rest and W stress and W Tl-201 IV and W Tc-99m Sestamibi IV
39729-9,SPECT Heart perfusion at rest and W Tl-201 IV
43659-2,SPECT Heart perfusion qualitative at rest and W radionuclide IV
39700-0,SPECT Heart perfusion W adenosine and W radionuclide IV
49567-1,SPECT Heart perfusion W adenosine and W Tc-99m Sestamibi IV
39734-9,SPECT Heart perfusion W stress and W radionuclide IV
39736-4,SPECT Heart perfusion W stress and W Tc-99m Sestamibi IV
39710-9,SPECT Heart perfusion W Tc-99m Sestamibi IV
39711-7,SPECT Heart perfusion W Tl-201 IV
44154-3,SPECT Heart W dipyridamole and W Tc-99m Sestamibi IV
39648-1,SPECT Heart W dipyridamole IV
81561-3,SPECT Heart W multiple states of exercise
81562-1,SPECT Heart W single state of exercise
39668-9,SPECT Heart W stress and W radionuclide IV
44151-9,SPECT Heart W Tc-99m Sestamibi IV
39647-3,SPECT Heart W Tc-99m Tetrofosmin IV
39872-7,SPECT Heart wall motion
39938-6,SPECT Joint
42310-3,SPECT Kidney
39852-9,SPECT Kidney - bilateral
39851-1,SPECT Kidney - bilateral W Tc-99m Mertiatide IV
44153-5,SPECT Kidney W Tc-99m glucoheptonate IV
39692-9,SPECT Liver
39876-8,SPECT Liver and Spleen
43652-7,SPECT Liver and Spleen for blood flow
47378-5,SPECT Liver blood pool
43655-0,SPECT Liver for blood flow
81613-2,SPECT Liver for hemangioma
24817-9,SPECT Liver W Tc-99m IV
69229-3,SPECT Liver W Tc-99m SC IV
39691-1,SPECT Liver W Tc-99m tagged RBC IV
39898-2,SPECT Lung ventilation
39838-8,SPECT Lung ventilation and perfusion
39740-6,SPECT Parathyroid gland
41838-4,SPECT Prostate W In-111 Satumomab IV
39743-0,SPECT Prostate W Tc-99m capromab pendatide IV
43662-6,SPECT Renal vessels for blood flow W Tc-99m glucoheptonate IV
69235-0,SPECT Scrotum and testicle for blood flow
39628-3,SPECT Small bowel for Meckel's diverticulum
43670-9,SPECT Spleen for blood flow
69234-3,SPECT Spleen W Tc-99m tagged RBC IV
43673-3,SPECT Thyroid gland for blood flow
39755-4,SPECT Thyroid gland W I-131 IV
43526-3,SPECT Unspecified body region
39811-5,SPECT Unspecified body region for abscess
39684-6,SPECT Unspecified body region for abscess W Ga-67 IV
81556-3,SPECT Unspecified body region for infection or inflammation
39681-2,SPECT Unspecified body region limited W Ga-67 IV
39682-0,SPECT Unspecified body region W Ga-67 IV
81548-0,SPECT Unspecified body region W tagged WBC IV
69238-4,SPECT Urinary bladder and Urethra W contrast intra bladder during voiding
46297-8,SPECT Whole body
39816-4,SPECT Whole body Bone
39881-8,SPECT Whole body Bone 3 phase
39825-5,SPECT Whole body Bone marrow
39675-4,SPECT Whole body for infection W Ga-67 IV
69237-6,SPECT Whole body for tumor
39678-8,SPECT Whole body for tumor W Ga-67 IV
39748-9,SPECT Whole body for tumor W Tc-99m Sestamibi IV
42292-3,SPECT Whole body for tumor W Tl-201 IV
39680-4,SPECT Whole body W Ga-67 IV
39839-6,SPECT Whole body W I-131 MIBG IV
81560-5,SPECT Whole body W In-111 capromab pendetide IV
81547-2,SPECT Whole body W In-111 pentetreotide IV
39844-6,SPECT Whole body W In-111 Satumomab IV
41837-6,SPECT Whole body W Tc-99m Arcitumomab IV
89631-6,SPECT+CT Guidance for localization of tumor of Whole body
81549-8,SPECT+CT Lymph node
81550-6,SPECT+CT Parathyroid gland
90312-0,SPECT+CT Skeletal system
89842-9,SPECT+CT Whole body
24558-9,US Abdomen
30704-1,US Abdomen limited
24532-4,US Abdomen RUQ
69276-4,US Abdominal Aorta
79374-5,US Abdominal Aorta for screening
39494-0,US Abdominal wall
69277-2,US Adrenal gland
24542-3,US Anus
24548-0,US Appendix
46375-2,US Artery
39040-1,US AV fistula
80852-7,US Axilla
72529-1,US Axilla - left
72528-3,US Axilla - right
38021-2,US Biliary ducts and Gallbladder
44163-4,US Brachial plexus
24601-7,US Breast
26214-7,US Breast - bilateral
26286-5,US Breast - bilateral limited
26215-4,US Breast - left
26288-1,US Breast - left limited
26216-2,US Breast - right
26290-7,US Breast - right limited
30853-6,US Breast duct W contrast intra duct
24599-3,US Breast limited
42132-1,US Breast screening
24596-9,US Breast specimen
24616-5,US Carotid arteries
26217-0,US Carotid arteries - bilateral
26218-8,US Carotid arteries - left
42149-5,US Carotid arteries - left limited
43552-9,US Carotid arteries - unilateral
26219-6,US Carotid arteries -right
42151-1,US Carotid arteries -right limited
38015-4,US Carotid arteries limited
46374-5,US Cerebral arteries
70926-1,US Cervical spine
24630-6,US Chest
24818-7,US Diaphragm and Liver
24672-8,US Diaphragm for motion
24693-4,US Extremity
26223-8,US Extremity - bilateral
26225-3,US Extremity - left
62451-0,US Extremity - left limited
26230-3,US Extremity - right
62452-8,US Extremity - right limited
69293-9,US Extremity artery - left
69297-0,US Extremity artery - right
44173-3,US Extremity artery limited
39526-9,US Extremity limited
80855-0,US Extremity musculoskeletal tissue
80854-3,US Extremity musculoskeletal tissue limited
42145-3,US Extremity vein - left
42144-6,US Extremity vein - right
41835-0,US Extremity veins - left
41816-0,US Extremity veins - right
69286-3,US Eye limited
69389-5,US Femoral artery and Popliteal artery
69399-4,US Femoral vein and Popliteal vein
38134-3,US Femoral vessels
38128-5,US Femoral vessels - bilateral
38037-8,US Femur - left
38048-5,US Femur - right
80834-5,US for multiple gestation pregnancy in first trimester
80836-0,US for multiple gestation pregnancy in second or third trimester
80833-7,US for multiple gestation pregnancy limited
80837-8,US for multiple gestation pregnancy with fetal abnormality
80869-1,US for pregnancy in first trimester
80866-7,US for pregnancy in second or third trimester
80870-9,US for pregnancy limited
80870-9,US for pregnancy limited
80868-3,US for pregnancy with fetal abnormality
39032-8,US for transplanted kidney
69300-2,US for transplanted kidney limited
39454-4,US for transplanted liver
39509-5,US for transplanted pancreas
24711-4,US Gallbladder
38020-4,US Gallbladder limited
38022-0,US Gallbladder W cholecystokinin
39415-5,US Gastrointestinal tract
39450-2,US Gastrointestinal tract W contrast PO
39416-3,US Genitourinary tract
24719-7,US Groin
80898-0,US Groin and Pseudoaneurysm
44156-8,US Guidance for ablation of tissue of Kidney
44155-0,US Guidance for ablation of tissue of Liver
58743-6,US Guidance for ablation of tissue of Unspecified body region
80842-8,US Guidance for additional aspiration of cyst of Breast - left
80846-9,US Guidance for additional aspiration of cyst of Breast - right
72533-3,US Guidance for ambulatory phlebectomy of Extremity vein - left
72532-5,US Guidance for ambulatory phlebectomy of Extremity vein - right
24537-3,US Guidance for aspiration of amniotic fluid of Uterus
70915-4,US Guidance for aspiration of CSF of Cervical spine
70916-2,US Guidance for aspiration of CSF of Lumbar spine
38127-7,US Guidance for aspiration of CSF of Spine
70917-0,US Guidance for aspiration of CSF of Thoracic spine
30653-0,US Guidance for aspiration of cyst of Breast
38012-1,US Guidance for aspiration of cyst of Breast - bilateral
42450-7,US Guidance for aspiration of cyst of Breast - left
42458-0,US Guidance for aspiration of cyst of Breast - right
38126-9,US Guidance for aspiration of cyst of Kidney
38133-5,US Guidance for aspiration of cyst of Pancreas
42447-3,US Guidance for aspiration of cyst of Thyroid gland
30698-5,US Guidance for aspiration of cyst of Unspecified body region
46282-0,US Guidance for aspiration or injection of cyst of Unspecified body region
37913-1,US Guidance for biopsy of Abdomen
37914-9,US Guidance for biopsy of Breast
37912-3,US Guidance for biopsy of Breast - bilateral
42449-9,US Guidance for biopsy of Breast - left
42457-2,US Guidance for biopsy of Breast - right
37915-6,US Guidance for biopsy of Chest
42333-5,US Guidance for biopsy of Chest Pleura
24670-2,US Guidance for biopsy of cyst of Unspecified body region
42463-0,US Guidance for biopsy of Endomyocardium
69387-9,US Guidance for biopsy of Epididymis
24772-6,US Guidance for biopsy of Kidney
26340-0,US Guidance for biopsy of Kidney - bilateral
26341-8,US Guidance for biopsy of Kidney - left
26342-6,US Guidance for biopsy of Kidney - right
24816-1,US Guidance for biopsy of Liver
44161-8,US Guidance for biopsy of Lung
42137-0,US Guidance for biopsy of Mediastinum
37918-0,US Guidance for biopsy of Neck
46369-5,US Guidance for biopsy of Ovary
37919-8,US Guidance for biopsy of Pancreas
46370-3,US Guidance for biopsy of Pelvis
46288-7,US Guidance for biopsy of Prostate
44162-6,US Guidance for biopsy of Retroperitoneum
37920-6,US Guidance for biopsy of Salivary gland
38132-7,US Guidance for biopsy of Scrotum and testicle
69396-0,US Guidance for biopsy of Spinal cord
38030-3,US Guidance for biopsy of Spleen
25009-2,US Guidance for biopsy of Thyroid gland
38766-2,US Guidance for biopsy of transplanted kidney
38765-4,US Guidance for biopsy of transplanted liver
25059-7,US Guidance for biopsy of Unspecified body region
69400-0,US Guidance for chorionic villus sampling
69391-1,US Guidance for cordocentesis
69279-8,US Guidance for core needle biopsy of Lymph node
46285-3,US Guidance for core needle biopsy of Thyroid gland
38024-6,US Guidance for core needle biopsy of Unspecified body region
38135-0,US Guidance for deep aspiration.fine needle of Tissue
43565-1,US Guidance for deep biopsy of Bone
24559-7,US Guidance for drainage of Abdomen
42705-4,US Guidance for drainage of abscess of Appendix
44167-5,US Guidance for drainage of abscess of Kidney
42133-9,US Guidance for drainage of abscess of Liver
44168-3,US Guidance for drainage of abscess of Pelvis
44169-1,US Guidance for drainage of abscess of Peritoneal space
44166-7,US Guidance for drainage of abscess of Subphrenic space
39451-0,US Guidance for drainage of abscess of Unspecified body region
38142-6,US Guidance for drainage of Chest
42478-8,US Guidance for drainage of cyst of Kidney
24692-6,US Guidance for drainage of Extremity
26325-1,US Guidance for drainage of Extremity - bilateral
26326-9,US Guidance for drainage of Extremity - left
26327-7,US Guidance for drainage of Extremity - right
24896-3,US Guidance for drainage of Kidney
26328-5,US Guidance for drainage of Kidney - bilateral
26329-3,US Guidance for drainage of Kidney - left
26330-1,US Guidance for drainage of Kidney - right
44172-5,US Guidance for drainage of Pancreas
24868-2,US Guidance for drainage of Pelvis
41798-0,US Guidance for drainage of Prostate
41809-5,US Guidance for drainage of Retroperitoneum
30699-3,US Guidance for drainage of Unspecified body region
42448-1,US Guidance for excisional biopsy of Breast
44160-0,US Guidance for fine needle aspiration of Breast
38026-1,US Guidance for fine needle aspiration of Breast - left
38033-7,US Guidance for fine needle aspiration of Breast - right
44159-2,US Guidance for fine needle aspiration of Kidney
44158-4,US Guidance for fine needle aspiration of Liver
44157-6,US Guidance for fine needle aspiration of Pancreas
38019-6,US Guidance for fine needle aspiration of Thyroid gland
38018-8,US Guidance for fine needle aspiration of Unspecified body region
30652-2,US Guidance for fine needle biopsy of Breast
80844-4,US Guidance for fine needle biopsy of Breast - left
80848-5,US Guidance for fine needle biopsy of Breast - right
43756-6,US Guidance for fluid aspiration of Breast
69278-0,US Guidance for fluid aspiration of Breast - bilateral
69292-1,US Guidance for fluid aspiration of Breast - left
69296-2,US Guidance for fluid aspiration of Breast - right
48434-5,US Guidance for fluid aspiration of Kidney
69287-1,US Guidance for fluid aspiration of Lymph node
39452-8,US Guidance for fluid aspiration of Ovary
30703-3,US Guidance for fluid aspiration of Pericardial space
24662-9,US Guidance for fluid aspiration of Pleural space
42134-7,US Guidance for fluid aspiration of Thyroid gland
30878-3,US Guidance for fluid aspiration of Unspecified body region
38017-0,US Guidance for FNA of Prostate
80880-8,US Guidance for injection of Carpal tunnel
80853-5,US Guidance for injection of Elbow
72530-9,US Guidance for injection of Joint
42706-2,US Guidance for injection of Pleural space
30702-5,US Guidance for injection of Thyroid gland
72535-8,US Guidance for laser ablation of Extremity vein - left
72534-1,US Guidance for laser ablation of Extremity vein - right
43759-0,US Guidance for localization of Breast - bilateral
43758-2,US Guidance for localization of Breast - left
43760-8,US Guidance for localization of Breast - right
37608-7,US Guidance for localization of foreign body of Eye
81162-0,US Guidance for needle localization Breast - left and MG Views Breast specimen
81163-8,US Guidance for needle localization Breast - right and MG Views Breast specimen
24600-9,US Guidance for needle localization of Breast
26313-7,US Guidance for needle localization of Breast - bilateral
26314-5,US Guidance for needle localization of Breast - left
26318-6,US Guidance for needle localization of Breast - right
37921-4,US Guidance for needle localization of Chest
38032-9,US Guidance for needle localization of Unspecified body region
39522-8,US guidance for percutaneous biopsy of Lymph node
37917-2,US Guidance for percutaneous biopsy of Muscle
24883-1,US Guidance for percutaneous biopsy of Prostate
30651-4,US Guidance for percutaneous biopsy.core needle of Breast
38023-8,US Guidance for percutaneous biopsy.core needle of Breast - left
38025-3,US Guidance for percutaneous biopsy.core needle of Breast - right
62494-0,US Guidance for percutaneous drainage of Unspecified body region
81165-3,US Guidance for peripheral venous access of Vein
30643-1,US Guidance for placement of CV catheter in Vein
30644-9,US Guidance for placement of CV catheter in Vein-- Tunneled
80841-0,US Guidance for placement of needle in Breast
64993-9,US Guidance for placement of needle in Unspecified body region
42456-4,US Guidance for placement of needle wire in Breast
75672-6,US Guidance for placement of nephrostomy tube in Kidney
43487-8,US Guidance for placement of radiation therapy fields in Unspecified body region
42140-4,US Guidance for placement of tube in Chest
82124-9,US Guidance for radiation treatment of Unspecified body region
42141-2,US Guidance for removal of CV catheter of Vein-- Tunneled
38136-8,US Guidance for superficial aspiration.fine needle of Tissue
42135-4,US Guidance for superficial biopsy of Bone
43797-0,US Guidance for superficial biopsy of Lymph node
43564-4,US Guidance for superficial biopsy of Muscle
80843-6,US Guidance for vacuum biopsy of Breast - left
80847-7,US Guidance for vacuum biopsy of Breast - right
39139-1,US Guidance for vascular access of Unspecified body region
72537-4,US Guidance for vascular sclerotherapy of Extremity vein - bilateral
72645-5,US Guidance for vascular sclerotherapy of Extremity vein - left
72644-8,US Guidance for vascular sclerotherapy of Extremity vein - right
72536-6,US Guidance for vascular sclerotherapy of Extremity veins - bilateral
72643-0,US Guidance for vascular sclerotherapy of Extremity veins - left
72642-2,US Guidance for vascular sclerotherapy of Extremity veins - right
80882-4,US Guidance of Unspecified body region-- during surgery
24731-2,US Head
44164-2,US Head and Neck
80858-4,US Head and neck soft tissue
24732-0,US Head during surgery
38034-5,US Head limited
42148-7,US Heart
42707-0,US Heart limited
24760-1,US Hip
26250-1,US Hip - bilateral
26251-9,US Hip - left
26252-7,US Hip - right
43566-9,US Hip and Thigh
30711-6,US Hip developmental joint assessment
30712-4,US Hip WO developmental joint assessment
38129-3,US Iliac vessels - bilateral
38137-6,US Iliac vessels - left
38141-8,US Iliac vessels - right
38036-0,US Kidney
43774-9,US Kidney - bilateral
69402-6,US Kidney - bilateral and Urinary bladder
38038-6,US Kidney - left
38049-3,US Kidney - right
38035-2,US Kidney limited
28614-6,US Liver
30706-6,US Liver during surgery
80838-6,US Liver limited
30709-0,US Lower extremity
38013-9,US Lower extremity - bilateral
38040-2,US Lower extremity - left
38039-4,US Lower extremity - left limited
38051-9,US Lower extremity - right
38050-1,US Lower extremity - right limited
48693-6,US Lower extremity artery
38130-1,US Lower extremity artery - bilateral
41834-3,US Lower extremity artery - left
41815-2,US Lower extremity artery - right
41812-9,US Lower extremity artery limited
80861-8,US Lower extremity soft tissue
46363-8,US Lower extremity vein
46364-6,US Lower extremity vein - bilateral
48692-8,US Lower extremity vein - left
48691-0,US Lower extremity vein - right
69385-3,US Lower extremity veins - bilateral
69392-9,US Lower extremity veins - left
80860-0,US Lower extremity veins - unilateral limited
69393-7,US Lumbar spine
38043-6,US Mastoid
38044-4,US Mediastinum
69394-5,US Mesenteric arteries
24842-7,US Neck
69390-3,US Ovary
80871-7,US Ovary for torsion
24859-1,US Pancreas
80839-4,US Pancreas limited
38045-1,US Parathyroid gland
38138-4,US Parotid gland
81159-6,US Pediatric Cervical and thoracic and lumbar spine
81158-8,US Pediatric Head
81164-6,US Pediatric limited Hip - bilateral
24869-0,US Pelvis
80862-6,US Pelvis for in vitro fertilization
38046-9,US Pelvis limited
42455-6,US Pelvis transabdominal and transvaginal
24677-7,US Pelvis transvaginal
38140-0,US Penis
80875-8,US Penis soft tissue
38139-2,US Penis vessels
24881-5,US Popliteal space
26262-6,US Popliteal space - bilateral
26263-4,US Popliteal space - left
26264-2,US Popliteal space - right
24884-9,US Prostate transrectal
80876-6,US Prostate transrectal for volume measurement
24889-8,US Pylorus for pyloric stenosis
24892-2,US Rectum
69294-7,US Renal artery
69295-4,US Renal vessels
24531-6,US Retroperitoneum
38047-7,US Retroperitoneum limited
38053-5,US Sacrum
69298-8,US Salivary gland
25002-7,US Scrotum and testicle
26271-7,US Scrotum and Testicle - bilateral
26272-5,US Scrotum and Testicle - left
26273-3,US Scrotum and Testicle - right
80877-4,US Scrotum and testicle for torsion
69299-6,US Scrotum and testicle limited
24907-8,US Shoulder
26265-9,US Shoulder - bilateral
26267-5,US Shoulder - left
26269-1,US Shoulder - right
24926-8,US Spine
24990-4,US Spleen
80840-2,US Spleen limited
38131-9,US Subclavian vessels - bilateral
42468-9,US Surgical specimen
39453-6,US Tendon
24547-2,US Thoracic and abdominal aorta
38011-3,US Thoracic and abdominal aorta limited
70927-9,US Thoracic spine
25010-0,US Thyroid gland
80835-2,US transabdominal and transvaginal for multiple gestation pregnancy in first trimester
80867-5,US transabdominal and transvaginal for pregnancy in first trimester
80865-9,US transvaginal for pregnancy
25061-3,US Unspecified body region
30701-7,US Unspecified body region during surgery
39527-7,US Unspecified body region for foreign body
25060-5,US Unspecified body region No charge
30710-8,US Upper extremity
38041-0,US Upper extremity - left
38052-7,US Upper extremity - right
48448-5,US Upper extremity artery
38014-7,US Upper extremity artery - bilateral
41833-5,US Upper extremity artery - left
41814-5,US Upper extremity artery - right
41813-7,US Upper extremity artery limited
80881-6,US Upper extremity soft tissue
48690-2,US Upper extremity vein - bilateral
48689-4,US Upper extremity vein - left
48688-6,US Upper extremity vein - right
69395-2,US Upper extremity veins
80895-6,US Upper extremity veins - bilateral
80879-0,US Upper extremity veins - unilateral limited
25019-1,US Urinary bladder
69280-6,US Urinary bladder limited
69388-7,US Urinary bladder post void
30705-8,US Uterus and Fallopian tubes
42143-8,US Uterus and Fallopian tubes W saline IU
39036-9,US Vein
39030-2,US Vein - bilateral
39045-0,US Vein limited
38054-3,US Visceral artery
25036-5,US Wrist
26278-2,US Wrist - bilateral
26280-8,US Wrist - left
26282-4,US Wrist - right
24534-0,US.doppler Abdominal vessels
43572-7,US.doppler Abdominal vessels limited
80896-4,US.doppler Aorta and Iliac artery - bilateral
80897-2,US.doppler Aorta and Iliac artery - bilateral limited
39523-6,US.doppler Artery
39039-3,US.doppler Brachiocephalic artery
69397-8,US.doppler Breast vessels
42146-1,US.doppler Carotid arteries
43765-7,US.doppler Carotid arteries - bilateral
39427-0,US.doppler Carotid arteries - left
39437-9,US.doppler Carotid arteries -right
80850-1,US.doppler Carotid arteries limited
80851-9,US.doppler Cerebral artery middle Fetal for pregnancy
72830-3,US.doppler Extremity arteries - bilateral for physiologic artery study
72832-9,US.doppler Extremity arteries - bilateral for physiologic artery study at rest and with exercise
72831-1,US.doppler Extremity arteries - bilateral for physiologic artery study limited
39042-7,US.doppler Extremity artery
39031-0,US.doppler Extremity artery - bilateral
39428-8,US.doppler Extremity artery - left
39439-5,US.doppler Extremity artery - right
39449-4,US.doppler Extremity vein
39418-9,US.doppler Extremity vein - bilateral
46301-8,US.doppler Extremity vein - bilateral limited
39429-6,US.doppler Extremity vein - left
39440-3,US.doppler Extremity vein - right
69283-0,US.doppler Extremity veins - bilateral
43771-5,US.doppler Extremity vessels
39495-7,US.doppler Extremity vessels - bilateral
69398-6,US.doppler Extremity vessels - left
39503-8,US.doppler Extremity vessels - right
39424-7,US.doppler Extremity vessels limited
39498-1,US.doppler Femoral vessels - left
39504-6,US.doppler Femoral vessels - right
46362-0,US.doppler Foot vessels
80864-2,US.doppler for pregnancy
80863-4,US.doppler for transplanted kidney
42477-0,US.doppler for transplanted kidney vessels
46382-8,US.doppler Hand vessels
80857-6,US.doppler Head
80856-8,US.doppler Head limited
24733-8,US.doppler Head vessels
30880-9,US.doppler Head vessels and Neck vessels
39044-3,US.doppler Head vessels limited
80859-2,US.doppler Heart
81161-2,US.doppler Heart for blood flow
39425-4,US.doppler Iliac artery
43776-4,US.doppler Iliac artery limited
42147-9,US.doppler Iliac graft
42150-3,US.doppler Iliac graft limited
39497-3,US.doppler Iliac vessels
39434-6,US.doppler Lower extremity artery
39421-3,US.doppler Lower extremity artery - bilateral
39499-9,US.doppler Lower extremity artery - left
39505-3,US.doppler Lower extremity artery - right
38042-8,US.doppler Lower extremity artery limited
30881-7,US.doppler Lower extremity vein
39420-5,US.doppler Lower extremity vein - bilateral
39432-0,US.doppler Lower extremity vein - left
39443-7,US.doppler Lower extremity vein - right
42461-4,US.doppler Lower extremity vessel - left for graft
42462-2,US.doppler Lower extremity vessel - right for graft
44174-1,US.doppler Lower extremity vessels
39422-1,US.doppler Lower extremity vessels - bilateral
39431-2,US.doppler Lower extremity vessels - left
39430-4,US.doppler Lower extremity vessels - left limited
39442-9,US.doppler Lower extremity vessels - right
39441-1,US.doppler Lower extremity vessels - right limited
44175-8,US.doppler Neck vessels
39502-0,US.doppler Ovarian vessels
81160-4,US.doppler Pediatric limited Head
24870-8,US.doppler Pelvis vessels
42152-9,US.doppler Pelvis vessels limited
80873-3,US.doppler Penis limited
80874-1,US.doppler Penis vessels
69284-8,US.doppler Portal vein and Hepatic vein
39435-3,US.doppler Renal artery
39426-2,US.doppler Renal vessels
39419-7,US.doppler Renal vessels - bilateral
39436-1,US.doppler Renal vessels limited
48742-1,US.doppler Scrotum and testicle
44235-0,US.doppler Superior mesenteric vessels
39446-0,US.doppler Testicular vessels
46388-5,US.doppler Thoracic and abdominal aorta
69285-5,US.doppler Umbilical artery Fetal
80878-2,US.doppler Umbilical artery Fetal for pregnancy
39508-7,US.doppler Umbilical vessels Fetal
69282-2,US.doppler Unspecified body region limited
39447-8,US.doppler Upper extremity artery
39423-9,US.doppler Upper extremity artery - bilateral
46302-6,US.doppler Upper extremity artery - bilateral limited
39500-4,US.doppler Upper extremity artery - left
39506-1,US.doppler Upper extremity artery - right
38143-4,US.doppler Upper extremity artery limited
30882-5,US.doppler Upper extremity vein
39496-5,US.doppler Upper extremity vein - bilateral
39501-2,US.doppler Upper extremity vein - left
39507-9,US.doppler Upper extremity vein - right
44236-8,US.doppler Upper extremity vessel - bilateral for graft
44237-6,US.doppler Upper extremity vessel - bilateral for graft limited
42475-4,US.doppler Upper extremity vessel - left for graft
42476-2,US.doppler Upper extremity vessel - right for graft
46385-1,US.doppler Upper extremity vessel for graft
39448-6,US.doppler Upper extremity vessels
46379-4,US.doppler Upper extremity vessels - bilateral
39433-8,US.doppler Upper extremity vessels - left
39444-5,US.doppler Upper extremity vessels - right
46303-4,US.doppler Upper extremity vessels limited
80872-5,US.doppler Uterus and Fallopian tubes W saline IU
39525-1,US.doppler Vein
39524-4,US.doppler Vein limited
39445-2,US.doppler Vessels
36641-9,XR Abdomen 2 Views
83015-8,XR Abdomen 2 Views for renal calculus
36293-9,XR Abdomen 3 Views
37297-9,XR Abdomen and Fetal Single view for fetal age
39327-2,XR Abdomen and Fetal Views for fetal age
86421-5,XR Abdomen and RF Gastrointestinal tract upper W air contrast PO and W barium contrast PO
86421-5,XR Abdomen and RF Gastrointestinal tract upper W air contrast PO and W barium contrast PO
86424-9,XR Abdomen and RF Gastrointestinal tract upper W barium contrast PO
86424-9,XR Abdomen and RF Gastrointestinal tract upper W barium contrast PO
86423-1,XR Abdomen and RF Gastrointestinal tract upper W contrast PO
86422-3,XR Abdomen and RF Gastrointestinal tract upper W water soluble contrast PO
24799-9,XR Abdomen AP
24796-5,XR Abdomen AP and AP left lateral-decubitus
24794-0,XR Abdomen AP and Lateral
69065-1,XR Abdomen AP and Lateral crosstable
38084-0,XR Abdomen AP and Left posterior oblique
37119-5,XR Abdomen AP and Oblique
24797-3,XR Abdomen AP and Oblique prone
24561-3,XR Abdomen AP left lateral-decubitus
24563-9,XR Abdomen AP right lateral-decubitus
79350-5,XR Abdomen GE 3 Views
83016-6,XR Abdomen GE 3 Views AP and Oblique and Cone
36591-6,XR Abdomen Lateral
36984-3,XR Abdomen Lateral crosstable
36995-9,XR Abdomen Left lateral
24562-1,XR Abdomen Left lateral-decubitus and Right lateral-decubitus
38069-1,XR Abdomen Left posterior oblique
36607-0,XR Abdomen Oblique
37015-5,XR Abdomen PA prone
36996-7,XR Abdomen Right lateral
37131-0,XR Abdomen Right lateral and Left lateral
37138-5,XR Abdomen Right oblique and Left oblique
39323-1,XR Abdomen Right posterior oblique
36550-2,XR Abdomen Single view
41793-1,XR Abdomen Single view during surgery
37085-8,XR Abdomen Supine and Lateral-decubitus
24798-1,XR Abdomen Supine and Upright
37046-0,XR Abdomen Upright
42019-0,XR Abdomen upright and left lateral decubitus
37636-8,XR Abdomen Views
72256-1,XR Abdomen Views for motility W radioopaque markers
26133-9,XR Acetabulum - bilateral Views
37064-3,XR Acetabulum - left 2 Views
26134-7,XR Acetabulum - left Views
37664-0,XR Acetabulum - right 2 Views
26135-4,XR Acetabulum - right Views
37635-0,XR Acetabulum 3 Views
24535-7,XR Acetabulum Views
26136-2,XR Acromioclavicular joint - bilateral Views
37578-2,XR Acromioclavicular joint - bilateral Views W weight
37580-8,XR Acromioclavicular joint - bilateral Views WO and W weight
69055-2,XR Acromioclavicular joint - bilateral Views WO weight
37056-9,XR Acromioclavicular joint - bilateral Zanca
36665-8,XR Acromioclavicular joint - left 2 Views
36583-3,XR Acromioclavicular joint - left AP
26137-0,XR Acromioclavicular joint - left Views
37581-6,XR Acromioclavicular joint - left Views WO and W weight
37057-7,XR Acromioclavicular joint - left Zanca
37661-6,XR Acromioclavicular joint - right 2 Views
37662-4,XR Acromioclavicular joint - right AP
26138-8,XR Acromioclavicular joint - right Views
37663-2,XR Acromioclavicular joint - right Views WO and W weight
37810-9,XR Acromioclavicular joint - right Zanca
37467-8,XR Acromioclavicular Joint 10 degree cephalic angle
24536-5,XR Acromioclavicular Joint Views
37577-4,XR Acromioclavicular Joint Views W weight
37579-0,XR Acromioclavicular Joint Views WO and W weight
37582-4,XR Acromioclavicular Joint Views WO weight
37848-9,XR Acromioclavicular Joint Zanca
36644-3,XR and RF Chest 2 Views and Views
36321-8,XR and RF Chest 4 Views and Views
39066-6,XR and RF Chest AP and Lateral and Views
47367-8,XR and RF Chest GE 4 Views and Views
36751-6,XR and RF Chest PA and Lateral and Views
26385-5,XR Ankle - bilateral 2 Views
36295-4,XR Ankle - bilateral 3 Views
42273-3,XR Ankle - bilateral 6 Views
36684-9,XR Ankle - bilateral AP and Lateral
37096-5,XR Ankle - bilateral AP and Lateral and Mortise
36720-1,XR Ankle - bilateral AP and Lateral and oblique
42417-6,XR Ankle - bilateral AP and Lateral and Oblique and (View W manual stress)
39330-6,XR Ankle - bilateral AP and Lateral W standing
48480-8,XR Ankle - bilateral GE 3 Views
49570-5,XR Ankle - bilateral GE 6 Views
37134-4,XR Ankle - bilateral Lateral and Mortise
26097-6,XR Ankle - bilateral Views
37557-6,XR Ankle - bilateral Views W manual stress
37202-9,XR Ankle - bilateral Views W standing
26386-3,XR Ankle - left 2 Views
38840-5,XR Ankle - left 2 Views W manual stress
38841-3,XR Ankle - left 2 Views W standing
36296-2,XR Ankle - left 3 Views
69138-6,XR Ankle - left 3 Views W standing
36685-6,XR Ankle - left AP and Lateral
37097-3,XR Ankle - left AP and Lateral and Mortise
36721-9,XR Ankle - left AP and Lateral and oblique
42418-4,XR Ankle - left AP and Lateral and Oblique and (View W manual stress)
69137-8,XR Ankle - left AP and Lateral and oblique W standing
42380-6,XR Ankle - left AP and Lateral W standing
46390-1,XR Ankle - left GE 3 Views
37135-1,XR Ankle - left Lateral and Mortise
42382-2,XR Ankle - left Lateral and Mortise and Broden W manual stress
37474-4,XR Ankle - left Lateral Views W manual stress
37475-1,XR Ankle - left Mortise W manual stress
69307-7,XR Ankle - left Single view
26098-4,XR Ankle - left Views
37558-4,XR Ankle - left Views W manual stress
37203-7,XR Ankle - left Views W standing
26387-1,XR Ankle - right 2 Views
37672-3,XR Ankle - right 2 Views W manual stress
37675-6,XR Ankle - right 2 Views W standing
37665-7,XR Ankle - right 3 Views
69254-1,XR Ankle - right 3 Views W standing
37667-3,XR Ankle - right AP and Lateral
37666-5,XR Ankle - right AP and Lateral and Mortise
37668-1,XR Ankle - right AP and Lateral and oblique
39369-4,XR Ankle - right AP and Lateral and Oblique and (View W manual stress)
39371-0,XR Ankle - right AP and Lateral and oblique W standing
39368-6,XR Ankle - right AP and Lateral W standing
46347-1,XR Ankle - right GE 3 Views
37670-7,XR Ankle - right Lateral and Mortise
37669-9,XR Ankle - right Lateral Views W manual stress
37671-5,XR Ankle - right Mortise W manual stress
69314-3,XR Ankle - right Single view
26099-2,XR Ankle - right Views
39370-2,XR Ankle - right Views and (View W manual stress)
39372-8,XR Ankle - right Views and Mortise
37673-1,XR Ankle - right Views W manual stress
37676-4,XR Ankle - right Views W standing
83018-2,XR Ankle 1 or 2 Views
24540-7,XR Ankle 2 Views
36294-7,XR Ankle 3 Views
36317-6,XR Ankle 4 Views
51395-2,XR Ankle and Foot - left Views
51394-5,XR Ankle and Foot - right Views
36571-8,XR Ankle AP
30779-3,XR Ankle AP and Lateral
37095-7,XR Ankle AP and Lateral and Mortise
39072-4,XR Ankle AP and Lateral and oblique
37486-8,XR Ankle Broden Views W manual stress
44210-3,XR Ankle GE 3 Views
36592-4,XR Ankle Lateral
37007-2,XR Ankle Mortise
36551-0,XR Ankle Single view
24541-5,XR Ankle Views
37556-8,XR Ankle Views W manual stress
37201-1,XR Ankle Views W standing
24573-8,XR Biliary ducts and Gallbladder Views W contrast IV
24577-9,XR Bone Views during surgery
37362-1,XR Bones Bone age Views
83020-8,XR Bones Complete Survey Views
43519-8,XR Bones Limited Survey Views
38089-9,XR Bones Limited Survey Views for metastasis
43518-0,XR Bones Survey Views
37365-4,XR Bones Survey Views for metastasis
69158-4,XR Breast Diagnostic for implant
69159-2,XR Breast Screening for implant
48433-7,XR Calcaneus - bilateral 2 Views
36686-4,XR Calcaneus - bilateral AP and Lateral
37995-8,XR Calcaneus - bilateral Broden Views
36975-1,XR Calcaneus - bilateral Harris
37058-5,XR Calcaneus - bilateral Single view W standing
37021-3,XR Calcaneus - bilateral Ski jump Views
26100-8,XR Calcaneus - bilateral Views
36662-5,XR Calcaneus - left 2 Views
36701-1,XR Calcaneus - left AP and Lateral
37997-4,XR Calcaneus - left Broden Views
36977-7,XR Calcaneus - left Harris
69311-9,XR Calcaneus - left Single view
37023-9,XR Calcaneus - left Ski jump Views
26101-6,XR Calcaneus - left Views
37206-0,XR Calcaneus - left Views W standing
37718-4,XR Calcaneus - right 2 Views
37719-2,XR Calcaneus - right AP and Lateral
38814-0,XR Calcaneus - right Broden Views
38776-1,XR Calcaneus - right Harris
69319-2,XR Calcaneus - right Single view
38778-7,XR Calcaneus - right Ski jump Views
26102-4,XR Calcaneus - right Views
37720-0,XR Calcaneus - right Views W standing
36661-7,XR Calcaneus 2 Views
36731-8,XR Calcaneus AP and Lateral and oblique
37996-6,XR Calcaneus Broden Views
36564-3,XR Calcaneus Single view
37022-1,XR Calcaneus Ski jump Views
24612-4,XR Calcaneus Views
37205-2,XR Calcaneus Views W standing
43784-8,XR Cervical and thoracic and lumbar spine 2 Views
39067-4,XR Cervical and thoracic and lumbar spine AP and Lateral
83028-1,XR Cervical and thoracic and lumbar spine GE 2 Views
38008-9,XR Cervical and thoracic and lumbar spine Views
37361-3,XR Cervical and thoracic spine AP and Lateral
37481-9,XR Cervical and thoracic spine Views
43539-6,XR Cervical spine 2 or 3 Views
83021-6,XR Cervical spine 2 or 3 views and (Views W flexion and W extension)
83022-4,XR Cervical spine 2 or 3 views and (Views W flexion and W extension) and Views oblique
36669-0,XR Cervical spine 2 Views
24941-7,XR Cervical spine 3 Views
83023-2,XR Cervical spine 4 or 5 Views
36331-7,XR Cervical spine 4 Views
24939-1,XR Cervical spine 5 Views
69081-8,XR Cervical spine 5 Views and Swimmers
69080-0,XR Cervical spine 5 Views W flexion and W extension
42691-6,XR Cervical spine 6 Views
36680-7,XR Cervical spine 7 Views
30725-6,XR Cervical spine AP
24942-5,XR Cervical spine AP and Lateral
36734-2,XR Cervical spine AP and Lateral and oblique
37099-9,XR Cervical spine AP and Lateral and Oblique and Odontoid
38083-2,XR Cervical spine AP and Lateral and Oblique and Odontoid and Swimmers
37103-9,XR Cervical spine AP and Lateral and Odontoid
37098-1,XR Cervical spine AP and Oblique and (Lateral W flexion and W extension)
37100-5,XR Cervical spine AP and Oblique and Odontoid and (Lateral W flexion and W extension)
37104-7,XR Cervical spine AP and Odontoid and (Lateral W flexion and W extension)
37120-3,XR Cervical spine AP and Odontoid and Lateral crosstable
79351-3,XR Cervical spine GE 2 Views
44212-9,XR Cervical spine GE 4 Views
79352-1,XR Cervical spine GE 6 Views
24943-3,XR Cervical spine Lateral
36989-2,XR Cervical spine Lateral crosstable
37133-6,XR Cervical spine Lateral Views W flexion and W extension
36997-5,XR Cervical spine Lateral W extension
36998-3,XR Cervical spine Lateral W flexion
42710-4,XR Cervical spine Limited Views
37139-3,XR Cervical spine Oblique and (Lateral W flexion and W extension)
36748-2,XR Cervical spine Oblique Views
24940-9,XR Cervical spine Single view
24944-1,XR Cervical spine Swimmers
24946-6,XR Cervical spine Views
42164-4,XR Cervical spine Views and Oblique
24945-8,XR Cervical spine Views W flexion and W extension
36643-5,XR Chest 2 Views
42009-1,XR Chest 2 Views and Apical lordotic
43467-0,XR Chest 2 Views and Right oblique and Left oblique
83024-0,XR Chest 2 Views and Views Lateral-decubitus
37067-6,XR Chest 2 Views W nipple markers
36298-8,XR Chest 3 Views
36320-0,XR Chest 4 Views
83019-0,XR Chest and Abdomen and Pelvis View babygram
83019-0,XR Chest and Abdomen and Pelvis View babygram
42699-9,XR Chest and Abdomen Single view
42269-1,XR Chest and Abdomen Views
36572-6,XR Chest AP
43561-0,XR Chest AP and Abdomen Upright
24653-8,XR Chest AP and AP right lateral-decubitus
36687-2,XR Chest AP and Lateral
39070-8,XR Chest AP and Lateral and Apical lordotic
39074-0,XR Chest AP and Lateral and Right oblique and Left oblique
24642-1,XR Chest AP and PA upright
30734-8,XR Chest AP lateral-decubitus
24637-1,XR Chest AP left lateral-decubitus
43466-2,XR Chest AP right lateral-decubitus
24640-5,XR Chest Apical lordotic
46348-9,XR Chest GE 2 and PA and Lateral
47368-6,XR Chest GE 4 and PA and Lateral
44211-1,XR Chest GE 4 Views
39051-8,XR Chest Lateral
39341-3,XR Chest Lateral and PA W inspiration and expiration
36620-3,XR Chest Left anterior oblique
30737-1,XR Chest Left lateral
24639-7,XR Chest Left lateral upright
37008-0,XR Chest Left oblique
30740-5,XR Chest Oblique
42011-7,XR Chest PA and Abdomen AP
43463-9,XR Chest PA and Abdomen Supine and Upright
43532-1,XR Chest PA and Abdomen Upright
36750-8,XR Chest PA and AP lateral-decubitus
36759-9,XR Chest PA and Apical lordotic
42272-5,XR Chest PA and Lateral
37143-5,XR Chest PA and Lateral and AP lateral-decubitus
37144-3,XR Chest PA and Lateral and AP left lateral-decubitus
37145-0,XR Chest PA and Lateral and AP right lateral-decubitus
37146-8,XR Chest PA and Lateral and Left oblique
30741-3,XR Chest PA and Lateral and Lordotic upright
30744-7,XR Chest PA and Lateral and Oblique
36758-1,XR Chest PA and Lateral and Oblique and Apical lordotic
24643-9,XR Chest PA and Lateral and Oblique upright
37147-6,XR Chest PA and Lateral and Right oblique
30742-1,XR Chest PA and Lateral and Right oblique and Left oblique
24647-0,XR Chest PA and Lateral upright
37141-9,XR Chest PA and Right lateral
24646-2,XR Chest PA and Right lateral and Right oblique and Left oblique upright
37150-0,XR Chest PA and Right oblique and Left oblique
24648-8,XR Chest PA upright
24635-5,XR Chest PA upright Views W inspiration and expiration
38068-3,XR Chest Right anterior oblique
24650-4,XR Chest Right lateral-decubitus and Left lateral-decubitus
37010-6,XR Chest Right oblique
41792-3,XR Chest Right oblique and Left oblique
24651-2,XR Chest Right oblique and Left oblique upright
42414-3,XR Chest Right oblique and Left oblique W nipple markers
36554-4,XR Chest Single view
36554-4,XR Chest Single view
41790-7,XR Chest Single view during surgery
38001-4,XR Chest Single view W expiration
38002-2,XR Chest Single view W inspiration
83017-4,XR Chest View and Abdomen Supine and Upright
30745-4,XR Chest Views
37200-3,XR Chest Views W contrast PO
30736-3,XR Chest Views W inspiration and expiration
38093-1,XR Chest Views W nipple markers
37469-4,XR Clavicle - bilateral 45 degree cephalic angle
26106-5,XR Clavicle - bilateral Views
36646-8,XR Clavicle - left 2 Views
37470-2,XR Clavicle - left 45 degree cephalic angle
37121-1,XR Clavicle - left AP and Serendipity
26107-3,XR Clavicle - left Views
37679-8,XR Clavicle - right 2 Views
38803-3,XR Clavicle - right 45 degree cephalic angle
37680-6,XR Clavicle - right AP and Serendipity
26108-1,XR Clavicle - right Views
36645-0,XR Clavicle 2 Views
69079-2,XR Clavicle 45 degree cephalic angle
36573-4,XR Clavicle AP
36555-1,XR Clavicle Single view
24664-5,XR Clavicle Views
36647-6,XR Coccyx 2 Views
36688-0,XR Coccyx AP and Lateral
83025-7,XR Coccyx GE 2 Views
30883-3,XR Coccyx Views
36649-2,XR Elbow - bilateral 2 Views
36300-2,XR Elbow - bilateral 3 Views
36322-6,XR Elbow - bilateral 4 Views
36690-6,XR Elbow - bilateral AP and Lateral
36723-5,XR Elbow - bilateral AP and Lateral and oblique
48481-6,XR Elbow - bilateral GE 3 Views
36740-9,XR Elbow - bilateral Oblique Views
37999-0,XR Elbow - bilateral Radial head capitellar
26109-9,XR Elbow - bilateral Views
69056-0,XR Elbow - bilateral Views and Obliques
46389-3,XR Elbow - bilateral Views and Radial head capitellar
38844-7,XR Elbow - left 2 Oblique Views
36650-0,XR Elbow - left 2 Views
36301-0,XR Elbow - left 3 Views
36323-4,XR Elbow - left 4 Views
36691-4,XR Elbow - left AP and Lateral
36724-3,XR Elbow - left AP and Lateral and oblique
46344-8,XR Elbow - left GE 3 Views
36980-1,XR Elbow - left Jones
41826-9,XR Elbow - left Limited Views
36741-7,XR Elbow - left Oblique Views
38000-6,XR Elbow - left Radial head capitellar
69308-5,XR Elbow - left Single view
26110-7,XR Elbow - left Views
37686-3,XR Elbow - right 2 Oblique Views
37681-4,XR Elbow - right 2 Views
37682-2,XR Elbow - right 3 Views
37683-0,XR Elbow - right 4 Views
37684-8,XR Elbow - right AP and Lateral
37685-5,XR Elbow - right AP and Lateral and oblique
46345-5,XR Elbow - right GE 3 Views
38777-9,XR Elbow - right Jones
41785-7,XR Elbow - right Limited Views
37687-1,XR Elbow - right Oblique Views
38006-3,XR Elbow - right Radial head capitellar
69315-0,XR Elbow - right Single view
26111-5,XR Elbow - right Views
39373-6,XR Elbow - right Views and Oblique
83026-5,XR Elbow 1 or 2 Views
36648-4,XR Elbow 2 Views
36299-6,XR Elbow 3 Views
46381-0,XR Elbow and Radius and Ulna Views
36689-8,XR Elbow AP and Lateral
36722-7,XR Elbow AP and Lateral and oblique
79353-9,XR Elbow GE 3 Views
83027-3,XR Elbow GE 4 Views
36979-3,XR Elbow Jones
36608-8,XR Elbow Oblique Views
37998-2,XR Elbow Radial head capitellar
36556-9,XR Elbow Single view
24676-9,XR Elbow Views
37198-9,XR Esophagus Views W contrast PO
42153-7,XR Extremity Single view
37637-6,XR Extremity Views
44199-8,XR Facial bones 1 or 2 Views
36297-0,XR Facial bones 3 Views
36318-4,XR Facial bones 4 Views
36675-7,XR Facial bones 5 Views
83029-9,XR Facial bones and Zygomatic arch 1 or 2 Views
37303-5,XR Facial bones and Zygomatic arch Views
48479-0,XR Facial bones GE 3 Views
37164-1,XR Facial bones Lateral and Caldwell and Waters
37165-8,XR Facial bones Lateral and Caldwell and Waters and Submentovertex
37166-6,XR Facial bones Lateral and Caldwell and Waters and Submentovertex and Towne
36737-5,XR Facial bones Limited Views
24695-9,XR Facial bones Views
36653-4,XR Femur - bilateral 2 Views
36694-8,XR Femur - bilateral AP and Lateral
26118-0,XR Femur - bilateral Views
36654-2,XR Femur - left 2 Views
36324-2,XR Femur - left 4 Views
36695-5,XR Femur - left AP and Lateral
36560-1,XR Femur - left Single view
26120-6,XR Femur - left Views
38845-4,XR Femur - left Views W standing
37690-5,XR Femur - right 2 Views
37691-3,XR Femur - right 4 Views
37692-1,XR Femur - right AP and Lateral
37689-7,XR Femur - right Single view
26122-2,XR Femur - right Views
37693-9,XR Femur - right Views W standing
36652-6,XR Femur 2 Views
36302-8,XR Femur 3 Views
39490-8,XR Femur and Tibia - right Views for leg length
24700-7,XR Femur and Tibia Views for leg length
36575-9,XR Femur AP
36693-0,XR Femur AP and Lateral
36593-2,XR Femur Lateral
36609-6,XR Femur Oblique
36559-3,XR Femur Single view
24704-9,XR Femur Views
37060-1,XR Fetal Views
36726-8,XR Finger - bilateral AP and Lateral and oblique
26124-8,XR Finger - bilateral Views
36656-7,XR Finger - left 2 Views
36304-4,XR Finger - left 3 Views
36727-6,XR Finger - left AP and Lateral and oblique
26125-5,XR Finger - left Views
37694-7,XR Finger - right 2 Views
37695-4,XR Finger - right 3 Views
37696-2,XR Finger - right AP and Lateral and oblique
26126-3,XR Finger - right Views
36655-9,XR Finger 2 Views
36303-6,XR Finger 3 Views
36725-0,XR Finger AP and Lateral and oblique
37517-0,XR Finger fifth - bilateral Views
43492-8,XR Finger fifth - left GE 3 Views
37518-8,XR Finger fifth - left Views
43497-7,XR Finger fifth - right GE 3 Views
38147-5,XR Finger fifth - right Views
36576-7,XR Finger fifth AP
36594-0,XR Finger fifth Lateral
36610-4,XR Finger fifth Oblique
30783-5,XR Finger fifth Views
37519-6,XR Finger fourth - bilateral Views
43491-0,XR Finger fourth - left GE 3 Views
37520-4,XR Finger fourth - left Views
43496-9,XR Finger fourth - right GE 3 Views
38146-7,XR Finger fourth - right Views
36577-5,XR Finger fourth AP
36595-7,XR Finger fourth Lateral
36611-2,XR Finger fourth Oblique
30782-7,XR Finger fourth Views
79354-7,XR Finger GE 2 Views
39078-1,XR Finger PA and Lateral and Oblique
37521-2,XR Finger second - bilateral Views
43489-4,XR Finger second - left GE 3 Views
37522-0,XR Finger second - left Views
43494-4,XR Finger second - right GE 3 Views
38144-2,XR Finger second - right Views
36596-5,XR Finger second Lateral
36612-0,XR Finger second Oblique
30780-1,XR Finger second Views
37523-8,XR Finger third - bilateral Views
43490-2,XR Finger third - left GE 3 Views
37524-6,XR Finger third - left Views
43495-1,XR Finger third - right GE 3 Views
38145-9,XR Finger third - right Views
36578-3,XR Finger third AP
36597-3,XR Finger third Lateral
36613-8,XR Finger third Oblique
30781-9,XR Finger third Views
24706-4,XR Finger Views
36657-5,XR Foot - bilateral 2 Views
37068-4,XR Foot - bilateral 2 Views W standing
36306-9,XR Foot - bilateral 3 Views
36947-0,XR Foot - bilateral 3 Views W standing
36580-9,XR Foot - bilateral AP
36696-3,XR Foot - bilateral AP and Lateral
36729-2,XR Foot - bilateral AP and Lateral and oblique
39331-4,XR Foot - bilateral AP and Lateral W standing
48478-2,XR Foot - bilateral GE 3 Views
26127-1,XR Foot - bilateral Views
26094-3,XR Foot - bilateral Views W standing
38846-2,XR Foot - left 2 Views
37069-2,XR Foot - left 2 Views W standing
43499-3,XR Foot - left 3 or 4 Views
36307-7,XR Foot - left 3 Views
36948-8,XR Foot - left 3 Views W standing
36697-1,XR Foot - left AP and Lateral
36730-0,XR Foot - left AP and Lateral and oblique
39334-8,XR Foot - left AP and Lateral and oblique W standing
39332-2,XR Foot - left AP and Lateral W standing
48477-4,XR Foot - left GE 3 Views
36598-1,XR Foot - left Lateral
36615-3,XR Foot - left Oblique
69309-3,XR Foot - left Single view
26128-9,XR Foot - left Views
38003-0,XR Foot - left Views AP W standing
37559-2,XR Foot - left Views W manual stress
26095-0,XR Foot - left Views W standing
37697-0,XR Foot - right 2 Views
37698-8,XR Foot - right 2 Views W standing
43483-7,XR Foot - right 3 or 4 Views
37699-6,XR Foot - right 3 Views
37700-2,XR Foot - right 3 Views W standing
37701-0,XR Foot - right AP and Lateral
37702-8,XR Foot - right AP and Lateral and oblique
39375-1,XR Foot - right AP and Lateral and oblique W standing
39374-4,XR Foot - right AP and Lateral W standing
48476-6,XR Foot - right GE 3 Views
37703-6,XR Foot - right Lateral
37704-4,XR Foot - right Oblique
69316-8,XR Foot - right Single view
26129-7,XR Foot - right Views
38815-7,XR Foot - right Views AP W standing
37705-1,XR Foot - right Views W manual stress
26096-8,XR Foot - right Views W standing
83030-7,XR Foot 1 or 2 Views
30784-3,XR Foot 2 Views
36305-1,XR Foot 3 Views
79355-4,XR Foot 3 Views W standing
36579-1,XR Foot AP
39069-0,XR Foot AP and Lateral
36728-4,XR Foot AP and Lateral and oblique
39068-2,XR Foot AP and Lateral W standing
39076-5,XR Foot AP and Oblique
44188-1,XR Foot GE 3 Views
36976-9,XR Foot Harris
37001-5,XR Foot Lateral W standing
36614-6,XR Foot Oblique
42398-8,XR Foot Oblique and (AP and Lateral W standing)
42395-4,XR Foot sesamoid bones - bilateral Axial
42400-2,XR Foot sesamoid bones - bilateral Views
42396-2,XR Foot sesamoid bones - left Axial
43641-0,XR Foot sesamoid bones - left Views
42434-1,XR Foot sesamoid bones - right Views
42409-3,XR Foot sesamoid bones AP and Lateral
42399-6,XR Foot sesamoid bones Views
36561-9,XR Foot Single view
24709-8,XR Foot Views
30785-0,XR Foot Views W forced dorsiflexion
24708-0,XR Foot Views W standing
24713-0,XR Gallbladder Views 48H post contrast PO
37575-8,XR Gallbladder Views W contrast and fatty meal PO
24712-2,XR Gallbladder Views W contrast PO
42383-0,XR Gallbladder Views W contrast PO and W contrast PO
39149-0,XR Gastrointestinal tract and Pulmonary system Single view for foreign body
37532-9,XR Great toe - bilateral Views
37533-7,XR Great toe - left Views
37584-0,XR Great toe - left Views W standing
38152-5,XR Great toe - right Views
38810-8,XR Great toe - right Views W standing
46371-1,XR Guidance for change of percutaneous tube in Unspecified body region-- W contrast
26388-9,XR Hand - bilateral 2 Views
26379-8,XR Hand - bilateral 3 Views
48474-1,XR Hand - bilateral AP and Lateral
69057-8,XR Hand - bilateral AP and Lateral and oblique
26355-8,XR Hand - bilateral Arthritis
37471-0,XR Hand - bilateral Bora
36966-0,XR Hand - bilateral Brewerton
36600-5,XR Hand - bilateral Lateral
36622-9,XR Hand - bilateral PA
36752-4,XR Hand - bilateral PA and Lateral
37142-7,XR Hand - bilateral PA and Lateral and Ball Catcher
36756-5,XR Hand - bilateral PA and Lateral and Oblique
36629-4,XR Hand - bilateral Views
26389-7,XR Hand - left 2 Views
26380-6,XR Hand - left 3 Views
38847-0,XR Hand - left AP and Lateral
38848-8,XR Hand - left AP and Lateral and oblique
26356-6,XR Hand - left Arthritis
37472-8,XR Hand - left Bora
36967-8,XR Hand - left Brewerton
47370-2,XR Hand - left GE 3 Views
36601-3,XR Hand - left Lateral
41830-1,XR Hand - left Limited Views
36623-7,XR Hand - left PA
36753-2,XR Hand - left PA and Lateral
36757-3,XR Hand - left PA and Lateral and Oblique
69310-1,XR Hand - left Single view
36630-2,XR Hand - left Views
26390-5,XR Hand - right 2 Views
26381-4,XR Hand - right 3 Views
37710-1,XR Hand - right AP and Lateral
37711-9,XR Hand - right AP and Lateral and oblique
26357-4,XR Hand - right Arthritis
38804-1,XR Hand - right Bora
38775-3,XR Hand - right Brewerton
47371-0,XR Hand - right GE 3 Views
37712-7,XR Hand - right Lateral
41789-9,XR Hand - right Limited Views
37714-3,XR Hand - right PA
37713-5,XR Hand - right PA and Lateral
37715-0,XR Hand - right PA and Lateral and Oblique
69318-4,XR Hand - right Single view
37716-8,XR Hand - right Views
79356-2,XR Hand 1 or 2 Views
24721-3,XR Hand 2 Views
24722-1,XR Hand 3 Views
69130-3,XR Hand AP and Lateral
24723-9,XR Hand Arthritis
36965-2,XR Hand Ball Catcher
79357-0,XR Hand GE 3 Views
36599-9,XR Hand Lateral
36616-1,XR Hand Oblique
36621-1,XR Hand PA
36755-7,XR Hand PA and Lateral and Oblique
39079-9,XR Hand PA and Oblique
36563-5,XR Hand Single view
28582-5,XR Hand Views
69058-6,XR Hip - bilateral 2 Views
36308-5,XR Hip - bilateral 3 Views
36703-7,XR Hip - bilateral AP and Lateral
37092-4,XR Hip - bilateral AP and Lateral frog
79358-8,XR Hip - bilateral GE 4 Views
36982-7,XR Hip - bilateral Judet
36986-8,XR Hip - bilateral Lateral crosstable
36993-4,XR Hip - bilateral Lateral frog
36618-7,XR Hip - bilateral Oblique
26400-2,XR Hip - bilateral Single view
37059-3,XR Hip - bilateral Single view W standing
26130-5,XR Hip - bilateral Views
69059-4,XR Hip - bilateral Views and Lateral crosstable
36664-1,XR Hip - left 2 Views
36309-3,XR Hip - left 3 Views
36582-5,XR Hip - left AP
36704-5,XR Hip - left AP and Lateral
37087-4,XR Hip - left AP and Lateral crosstable
37093-2,XR Hip - left AP and Lateral frog
42404-4,XR Hip - left AP and Lateral Views for measurement
69141-0,XR Hip - left Danelius Miller
79359-6,XR Hip - left GE 2 Views
36983-5,XR Hip - left Judet
36603-9,XR Hip - left Lateral
36987-6,XR Hip - left Lateral crosstable
38066-7,XR Hip - left Lateral during surgery
36994-2,XR Hip - left Lateral frog
37545-1,XR Hip - left Oblique crosstable
26401-0,XR Hip - left Single view
38065-9,XR Hip - left Single view during surgery
37207-8,XR Hip - left Single view W standing
37040-3,XR Hip - left True lateral
26131-3,XR Hip - left Views
69140-2,XR Hip - left Views and Danelius Miller
69139-4,XR Hip - left Views and Lateral crosstable
37721-8,XR Hip - right 2 Views
37722-6,XR Hip - right 3 Views
37726-7,XR Hip - right AP
39512-9,XR Hip - right AP and Danelius Miller
37725-9,XR Hip - right AP and Lateral
37723-4,XR Hip - right AP and Lateral crosstable
37724-2,XR Hip - right AP and Lateral frog
39514-5,XR Hip - right Danelius Miller
79360-4,XR Hip - right GE 2 Views
37732-5,XR Hip - right Judet
37730-9,XR Hip - right Lateral
37727-5,XR Hip - right Lateral crosstable
38819-9,XR Hip - right Lateral during surgery
37729-1,XR Hip - right Lateral frog
37728-3,XR Hip - right Oblique crosstable
26402-8,XR Hip - right Single view
38818-1,XR Hip - right Single view during surgery
37731-7,XR Hip - right Single view W standing
38772-0,XR Hip - right True lateral
26132-1,XR Hip - right Views
39513-7,XR Hip - right Views and Danelius Miller
39377-7,XR Hip - right Views and Lateral crosstable
36663-3,XR Hip 2 Views
36581-7,XR Hip AP
36702-9,XR Hip AP and Lateral
37086-6,XR Hip AP and Lateral crosstable
37091-6,XR Hip AP and Lateral frog
69132-9,XR Hip Danelius Miller
36973-6,XR Hip Friedman
79361-2,XR Hip GE 2 Views
83032-3,XR Hip GE 2 Views preoperative
36981-9,XR Hip Judet
36602-1,XR Hip Lateral
36985-0,XR Hip Lateral crosstable
30786-8,XR Hip Lateral frog
36617-9,XR Hip Oblique
24761-9,XR Hip Single view
83033-1,XR Hip single view during surgery
37039-5,XR Hip True lateral
24762-7,XR Hip Views
69131-1,XR Hip Views and Danelius Miller
47372-8,XR Hip Views during surgery
37049-4,XR Hip Von Rosen
26391-3,XR Humerus - bilateral 2 Views
36707-8,XR Humerus - bilateral AP and Lateral
37032-0,XR Humerus - bilateral Transthoracic
37062-7,XR Humerus - bilateral Views
26392-1,XR Humerus - left 2 Views
36708-6,XR Humerus - left AP and Lateral
36744-1,XR Humerus - left Oblique Views
69312-7,XR Humerus - left Single view
37033-8,XR Humerus - left Transthoracic
36632-8,XR Humerus - left Views
26393-9,XR Humerus - right 2 Views
37736-6,XR Humerus - right AP and Lateral
37737-4,XR Humerus - right Oblique Views
69320-0,XR Humerus - right Single view
38007-1,XR Humerus - right Transthoracic
37738-2,XR Humerus - right Views
24765-0,XR Humerus 2 Views
36706-0,XR Humerus AP and Lateral
37485-0,XR Humerus AP and Transthoracic
37321-7,XR Humerus bicipital groove - bilateral Views
37320-9,XR Humerus bicipital groove - left Views
38797-7,XR Humerus bicipital groove - right Views
37319-1,XR Humerus bicipital groove Views
79362-0,XR Humerus GE 2 Views
36565-0,XR Humerus Single view
42008-3,XR Humerus Single view during surgery
37031-2,XR Humerus Transthoracic
28567-6,XR Humerus Views
36628-6,XR Internal auditory canal Views
43480-3,XR Joint Lateral Views W manual stress
30787-6,XR Joint Single view
43481-1,XR Joint Views W flexion and W extension
24778-3,XR Kidney - bilateral 3 Serial Views WO and W contrast IV
24788-2,XR Kidney - bilateral Views W contrast IV
37137-7,XR Kidney Limited Views W contrast IV
43485-2,XR Kidney Views during surgery W contrast retrograde
38101-2,XR Kidney Views W contrast antegrade
38102-0,XR Kidney Views W contrast antegrade via pyelostomy
37607-9,XR Kidney Views W contrast IV
38105-3,XR Kidney Views W contrast retrograde
26394-7,XR Knee - bilateral 2 Views
69060-2,XR Knee - bilateral 2 Views and Sunrise
69061-0,XR Knee - bilateral 2 Views and Tunnel
36945-4,XR Knee - bilateral 2 Views W standing
36310-1,XR Knee - bilateral 3 Views
36325-9,XR Knee - bilateral 4 Views
69063-6,XR Knee - bilateral 4 Views and Sunrise and Tunnel
69062-8,XR Knee - bilateral 4 Views W standing
36678-1,XR Knee - bilateral 6 Views
36682-3,XR Knee - bilateral 8 Views
36585-8,XR Knee - bilateral AP
36590-8,XR Knee - bilateral AP and Lateral
79363-8,XR Knee - bilateral AP and Lateral and Merchants and (Views W standing)
36732-6,XR Knee - bilateral AP and Lateral and oblique
37102-1,XR Knee - bilateral AP and Lateral and Oblique and Sunrise
37118-7,XR Knee - bilateral AP and Lateral and Oblique and Sunrise and Tunnel
37107-0,XR Knee - bilateral AP and Lateral and Sunrise
37116-1,XR Knee - bilateral AP and Lateral and Sunrise and tunnel
37113-8,XR Knee - bilateral AP and Lateral and Tunnel
26364-0,XR Knee - bilateral AP and Lateral W standing
26361-6,XR Knee - bilateral AP and PA W standing
26358-2,XR Knee - bilateral AP W standing
44197-2,XR Knee - bilateral GE 5 Views W standing
37540-2,XR Knee - bilateral Holmblad Views W standing
36605-4,XR Knee - bilateral Lateral
36999-1,XR Knee - bilateral Lateral W extension
26283-2,XR Knee - bilateral Merchants
36745-8,XR Knee - bilateral Oblique Views
46378-6,XR Knee - bilateral PA Views W standing and W flexion
37020-5,XR Knee - bilateral Rosenberg W standing
36566-8,XR Knee - bilateral Single view
37027-0,XR Knee - bilateral Sunrise
38088-1,XR Knee - bilateral Sunrise 20 and 40 and 60 degrees
69064-4,XR Knee - bilateral Sunrise and (Views W standing)
37163-3,XR Knee - bilateral Sunrise and Tunnel
37041-1,XR Knee - bilateral Tunnel
36635-1,XR Knee - bilateral Views
51387-9,XR Knee - bilateral Views and (AP W standing)
37561-8,XR Knee - bilateral Views W manual stress
26085-1,XR Knee - bilateral Views W standing
47373-6,XR Knee - left 1 or 2 Views
38871-0,XR Knee - left 2 Oblique Views
26395-4,XR Knee - left 2 Views
69143-6,XR Knee - left 2 views and (Tunnel W standing)
69142-8,XR Knee - left 2 Views and Sunrise
41819-4,XR Knee - left 2 Views and Tunnel
38851-2,XR Knee - left 2 Views W standing
36311-9,XR Knee - left 3 Views
36326-7,XR Knee - left 4 Views
69144-4,XR Knee - left 4 views and (AP W standing)
69145-1,XR Knee - left 4 views and Tunnel
38852-0,XR Knee - left 4 Views W standing
36676-5,XR Knee - left 5 Views
48462-6,XR Knee - left AP
36710-2,XR Knee - left AP and Lateral
36733-4,XR Knee - left AP and Lateral and oblique
69147-7,XR Knee - left AP and Lateral and Right oblique and Left oblique
37108-8,XR Knee - left AP and Lateral and Sunrise
37117-9,XR Knee - left AP and Lateral and Sunrise and tunnel
37114-6,XR Knee - left AP and Lateral and Tunnel
69146-9,XR Knee - left AP and Lateral crosstable
26365-7,XR Knee - left AP and Lateral W standing
26362-4,XR Knee - left AP and PA W standing
26359-0,XR Knee - left AP W standing
43498-5,XR Knee - left GE 3 Views
47374-4,XR Knee - left GE 4 Views
36606-2,XR Knee - left Lateral
37000-7,XR Knee - left Lateral W extension
37002-3,XR Knee - left Lateral W standing
26284-0,XR Knee - left Merchants
36746-6,XR Knee - left Oblique Views
37014-8,XR Knee - left PA W standing
37019-7,XR Knee - left Rosenberg W standing
36567-6,XR Knee - left Single view
43779-8,XR Knee - left Sunrise
38087-3,XR Knee - left Sunrise 20 and 40 and 60 degrees
39345-4,XR Knee - left Sunrise and (Tunnel W standing)
69149-3,XR Knee - left Sunrise and (Views W standing)
37156-7,XR Knee - left Sunrise and Tunnel
37042-9,XR Knee - left Tunnel
37043-7,XR Knee - left Tunnel W standing
36636-9,XR Knee - left Views
69148-5,XR Knee - left Views and Tunnel
37484-3,XR Knee - left Views AP W manual stress
37562-6,XR Knee - left Views W manual stress
26086-9,XR Knee - left Views W standing
47375-1,XR Knee - right 1 or 2 Views
38108-7,XR Knee - right 2 Oblique Views
26396-2,XR Knee - right 2 Views
39382-7,XR Knee - right 2 views and (Tunnel W standing)
42430-9,XR Knee - right 2 views and (Views W standing)
39378-5,XR Knee - right 2 Views and Oblique
39379-3,XR Knee - right 2 Views and Sunrise
39380-1,XR Knee - right 2 Views and Sunrise and Tunnel
39381-9,XR Knee - right 2 Views and Tunnel
37762-2,XR Knee - right 2 Views W standing
37742-4,XR Knee - right 3 Views
39383-5,XR Knee - right 3 Views and Sunrise
37743-2,XR Knee - right 4 Views
39384-3,XR Knee - right 4 views and (AP W standing)
39385-0,XR Knee - right 4 Views and Oblique
39387-6,XR Knee - right 4 Views and Sunrise and Tunnel
39386-8,XR Knee - right 4 views and Tunnel
37763-0,XR Knee - right 4 Views W standing
37744-0,XR Knee - right 5 Views
48463-4,XR Knee - right AP
37745-7,XR Knee - right AP and Lateral
37748-1,XR Knee - right AP and Lateral and oblique
39388-4,XR Knee - right AP and Lateral and Right oblique and Left oblique
37749-9,XR Knee - right AP and Lateral and Sunrise
37740-8,XR Knee - right AP and Lateral and Sunrise and tunnel
37747-3,XR Knee - right AP and Lateral and Tunnel
26366-5,XR Knee - right AP and Lateral W standing
26363-2,XR Knee - right AP and PA W standing
26360-8,XR Knee - right AP W standing
43482-9,XR Knee - right GE 3 Views
47376-9,XR Knee - right GE 4 Views
37751-5,XR Knee - right Lateral
37750-7,XR Knee - right Lateral W extension
37754-9,XR Knee - right Lateral W standing
47377-7,XR Knee - right LE 4 Views
26285-7,XR Knee - right Merchants
37757-2,XR Knee - right Oblique Views
42431-7,XR Knee - right PA 30 degree flexion W standing
37755-6,XR Knee - right PA W standing
37752-3,XR Knee - right Rosenberg W standing
37741-6,XR Knee - right Single view
69256-6,XR Knee - right Sunrise
38824-9,XR Knee - right Sunrise 20 and 40 and 60 degrees
69255-8,XR Knee - right Sunrise and (Tunnel W standing)
42432-5,XR Knee - right Sunrise and (Views W standing)
37759-8,XR Knee - right Sunrise and Tunnel
37761-4,XR Knee - right Tunnel
37756-4,XR Knee - right Tunnel W standing
37758-0,XR Knee - right Views
39390-0,XR Knee - right Views and Oblique
39391-8,XR Knee - right Views and Sunrise
39389-2,XR Knee - right Views and Tunnel
37746-5,XR Knee - right Views AP W manual stress
37753-1,XR Knee - right Views W manual stress
26087-7,XR Knee - right Views W standing
42405-1,XR Knee (AP W standing) and (Lateral W extension)
44198-0,XR Knee 1 or 2 Views
83035-6,XR Knee 1 or 2 Views during surgery
24806-2,XR Knee 2 Views
30788-4,XR Knee 3 Views
30789-2,XR Knee 4 Views
36584-1,XR Knee AP
36709-4,XR Knee AP and Lateral
39071-6,XR Knee AP and Lateral and Merchants
37115-3,XR Knee AP and Lateral and Oblique and Tunnel
39073-2,XR Knee AP and Lateral and Right oblique and Left oblique
37106-2,XR Knee AP and Lateral and Sunrise
37111-2,XR Knee AP and Lateral and Sunrise and tunnel
37112-0,XR Knee AP and Lateral and Tunnel
37090-8,XR Knee AP and Lateral crosstable
24805-4,XR Knee AP and Lateral W standing
24808-8,XR Knee AP and PA W standing
24807-0,XR Knee AP W standing
79364-6,XR Knee GE 4 Views
44195-6,XR Knee GE 5 Views
36978-5,XR Knee Holmblad
36604-7,XR Knee Lateral
36988-4,XR Knee Lateral crosstable
37004-9,XR Knee Laurin
24801-3,XR Knee Merchants
38086-5,XR Knee Merchants 30 and 45 and 60 degrees
37154-2,XR Knee Oblique and Sunrise
37155-9,XR Knee Oblique and Sunrise and Tunnel
36619-5,XR Knee Oblique Views
37476-9,XR Knee PA 45 degree flexion
37477-7,XR Knee PA 45 degree flexion W standing
37018-9,XR Knee Rosenberg W standing
43780-6,XR Knee Sunrise
69136-0,XR Knee Sunrise and Tunnel
30790-0,XR Knee Tunnel
28565-0,XR Knee Views
37560-0,XR Knee Views W manual stress
24809-6,XR Knee Views W standing
39518-6,XR Long bones Limited Survey Views
24579-5,XR Long bones Survey Views
44177-4,XR Lower extremity - bilateral AP W standing
36557-7,XR Lower extremity - bilateral Single view
44205-3,XR Lower extremity - bilateral Single view W standing
26112-3,XR Lower extremity - bilateral Views
38849-6,XR Lower extremity - left AP W standing
36558-5,XR Lower extremity - left Single view
38850-4,XR Lower extremity - left Single view W standing
26113-1,XR Lower extremity - left Views
69257-4,XR Lower extremity - right 2 Views
69258-2,XR Lower extremity - right AP and Lateral
37733-3,XR Lower extremity - right AP W standing
37764-8,XR Lower extremity - right Single view
37734-1,XR Lower extremity - right Single view W standing
26114-9,XR Lower extremity - right Views
36651-8,XR Lower extremity 2 Views
36574-2,XR Lower extremity AP
36692-2,XR Lower extremity AP and Lateral
83036-4,XR Lower extremity GE 2 Views
24686-8,XR Lower extremity Views
37204-5,XR Lower extremity Views W standing
42411-9,XR Lumbar spine (AP^W R-bending and W L-bending) and (Lateral^W flexion and W extension)
48469-1,XR Lumbar spine 2 or 3 Views
36670-8,XR Lumbar spine 2 Views
36946-2,XR Lumbar spine 2 Views W standing
30775-1,XR Lumbar spine 3 Views
36949-6,XR Lumbar spine 3 Views W standing
36332-5,XR Lumbar spine 4 Views
30797-5,XR Lumbar spine 5 Views
39063-3,XR Lumbar spine 5 Views W flexion and W extension
37073-4,XR Lumbar spine 5 Views W standing
36681-5,XR Lumbar spine 7 Views
37261-5,XR Lumbar spine and Sacrum and SI joint and Coccyx 3 Views
37357-1,XR Lumbar spine and Sacrum and SI joint and Coccyx 5 Views
37342-3,XR Lumbar spine and Sacrum and SI joint and Coccyx Views
30777-7,XR Lumbar spine AP
24970-6,XR Lumbar spine AP and Lateral
36735-9,XR Lumbar spine AP and Lateral and oblique
37101-3,XR Lumbar spine AP and Lateral and Oblique and Spot
42410-1,XR Lumbar spine AP and Lateral and Oblique and Spot W standing
37105-4,XR Lumbar spine AP and Lateral and Spot
39333-0,XR Lumbar spine AP and Lateral W standing
42378-0,XR Lumbar spine AP W left bending
42379-8,XR Lumbar spine AP W right bending
47382-7,XR Lumbar spine GE 4 Views
44196-4,XR Lumbar spine GE 5 Views W right bending and W left bending
83038-0,XR Lumbar spine Greater than 4 views and (Greater than 1 view W R-bending and W L-bending)
24969-8,XR Lumbar spine Lateral
36990-0,XR Lumbar spine Lateral crosstable
37132-8,XR Lumbar spine Lateral Views W flexion and W extension
39340-5,XR Lumbar spine Lateral Views W standing and W flexion and W extension
37003-1,XR Lumbar spine Lateral W standing
37009-8,XR Lumbar spine Left oblique
42401-0,XR Lumbar spine Lumbar (AP W R-bending and W L-bending and WO bending) and Lateral
30778-5,XR Lumbar spine Oblique
44178-2,XR Lumbar spine oblique and (views W right bending and W left bending)
43791-3,XR Lumbar spine Oblique Views
37011-4,XR Lumbar spine Right oblique
30773-6,XR Lumbar spine Single view
83037-2,XR Lumbar spine Single view during surgery
24972-2,XR Lumbar spine Views
42163-6,XR Lumbar spine Views and Oblique
42406-9,XR Lumbar spine Views AP W and WO left bending
42407-7,XR Lumbar spine Views AP W and WO right bending
42403-6,XR Lumbar spine Views AP W right bending and W left bending
42408-5,XR Lumbar spine Views AP W right bending and W left bending and WO bending
24971-4,XR Lumbar spine Views W flexion and W extension
42413-5,XR Lumbar spine Views W right bending and W left bending
37208-6,XR Lumbar spine Views W standing
30813-0,XR Lung - bilateral Views W contrast intrabronchial
64996-2,XR Lung - left Views W contrast intrabronchial
64997-0,XR Lung - right Views W contrast intrabronchial
24825-2,XR Lung Views W contrast intrabronchial
43521-4,XR Mandible 1 or 2 Views
36312-7,XR Mandible 3 Views
36327-5,XR Mandible 4 Views
36711-0,XR Mandible AP and Lateral
47379-3,XR Mandible GE 4 Views
47380-1,XR Mandible LE 3 Views
36738-3,XR Mandible Limited Views
36747-4,XR Mandible Oblique Views
36754-0,XR Mandible PA and Lateral
37148-4,XR Mandible PA and Lateral and Oblique and Towne
24829-4,XR Mandible Views
47983-2,XR Mastoid - bilateral 1 or 2 Views
83039-8,XR Mastoid - bilateral GE 3 Views
37541-0,XR Mastoid - bilateral Law and Mayer and Stenver and Towne
42007-5,XR Mastoid - bilateral Limited Views
26139-6,XR Mastoid - bilateral Views
48489-9,XR Mastoid - left 1 or 2 Views
48470-9,XR Mastoid - left 3 Views
26140-4,XR Mastoid - left Views
48488-1,XR Mastoid - right 1 or 2 Views
48471-7,XR Mastoid - right 3 Views
26141-2,XR Mastoid - right Views
36838-1,XR Mastoid 3 Views
36839-9,XR Mastoid 4 Views
36890-2,XR Mastoid 5 Views
47381-9,XR Mastoid GE 3 Views
36893-6,XR Mastoid Limited Views
37153-4,XR Mastoid Stenver and Arcelin
24830-2,XR Mastoid Views
36637-7,XR Maxilla Views
37604-6,XR Nasal bones 3 Views
37605-3,XR Nasal bones Lateral and Waters
24834-4,XR Nasal bones Views
38118-6,XR Neck 2 Lateral Views
42439-0,XR Neck AP
42438-2,XR Neck AP and Lateral
24843-5,XR Neck Lateral
42441-6,XR Neck Magnification
37639-2,XR Neck Views
37332-4,XR Olecranon - left Views
38798-5,XR Olecranon - right Views
26142-0,XR Optic foramen - bilateral Views
26143-8,XR Optic foramen - left Views
26144-6,XR Optic foramen - right Views
37609-5,XR Optic foramen 4 Views
24846-8,XR Optic foramen Views
37612-9,XR Orbit - bilateral 4 Views
48747-0,XR Orbit - bilateral GE 4 Views
24854-2,XR Orbit - bilateral Views
30720-7,XR Orbit - bilateral Views for foreign body
37613-7,XR Orbit - bilateral Waters
36887-8,XR Orbit - left Views
42311-1,XR Orbit - left Views for foreign body
38774-6,XR Orbit - right Views
42312-9,XR Orbit - right Views for foreign body
43529-7,XR Orbit and Facial bones Views
36886-0,XR Orbit Views
44208-7,XR Orbit Views for foreign body
26397-0,XR Patella - bilateral 2 Views
36712-8,XR Patella - bilateral AP and Lateral
37109-6,XR Patella - bilateral AP and Lateral and Sunrise
69069-3,XR Patella - bilateral Sunrise
36638-5,XR Patella - bilateral Views
26398-8,XR Patella - left 2 Views
36713-6,XR Patella - left AP and Lateral
37110-4,XR Patella - left AP and Lateral and Sunrise
37149-2,XR Patella - left PA and Lateral and Sunrise
69152-7,XR Patella - left Single view
36639-3,XR Patella - left Views
26399-6,XR Patella - right 2 Views
69261-6,XR Patella - right 3 Views
37776-2,XR Patella - right AP and Lateral
38786-0,XR Patella - right AP and Lateral and Sunrise
38790-2,XR Patella - right PA and Lateral and Sunrise
69260-8,XR Patella - right Single view
37777-0,XR Patella - right Views
24861-7,XR Patella 2 Views
37614-5,XR Patella Single view
69239-2,XR Patella Sunrise
30791-8,XR Patella Views
43522-2,XR Pelvis 1 or 2 Views
37617-8,XR Pelvis 2 Views
30766-0,XR Pelvis 3 Views
42167-7,XR Pelvis and Hip - bilateral AP and Lateral frog
83034-9,XR Pelvis and Hip - bilateral GE 2 views for pediatrics
30769-4,XR Pelvis and Hip - bilateral Maximum abduction Views
30768-6,XR Pelvis and Hip - bilateral Views
37583-2,XR Pelvis and Hip - bilateral Views and Lateral frog
42685-8,XR Pelvis and Hip - left 2 Views
37088-2,XR Pelvis and Hip - left AP and Lateral crosstable
37094-0,XR Pelvis and Hip - left AP and Lateral frog
36631-0,XR Pelvis and Hip - left Views
42686-6,XR Pelvis and Hip - right 2 Views
38784-5,XR Pelvis and Hip - right AP and Lateral crosstable
38785-2,XR Pelvis and Hip - right AP and Lateral frog
38771-2,XR Pelvis and Hip - right Views
36705-2,XR Pelvis and Hip AP and Lateral
37089-0,XR Pelvis and Hip AP and Lateral crosstable
30770-2,XR Pelvis and Hip AP and Lateral frog
30767-8,XR Pelvis and Hip Views
37256-5,XR Pelvis and Spine Lumbar 3 Views
37351-4,XR Pelvis and Spine Lumbar 5 Views
47984-0,XR Pelvis and Spine Lumbar Views
37622-8,XR Pelvis AP
37634-3,XR Pelvis AP 20 degree cephalic angle
83031-5,XR Pelvis AP and Hip - bilateral GE 2 Views
37618-6,XR Pelvis AP and Inlet
37623-6,XR Pelvis AP and Inlet and Outlet
39065-8,XR Pelvis AP and Inlet and Outlet and Oblique
37619-4,XR Pelvis AP and Judet
37620-2,XR Pelvis AP and Lateral
37624-4,XR Pelvis AP and Lateral and oblique
37621-0,XR Pelvis AP and Oblique
42420-0,XR Pelvis AP W standing
37625-1,XR Pelvis Ferguson
43543-8,XR Pelvis GE 3 Views
37628-5,XR Pelvis Inlet
30771-0,XR Pelvis Inlet and Outlet
37627-7,XR Pelvis Inlet and Outlet and Oblique
37629-3,XR Pelvis Lateral
37626-9,XR Pelvis Lateral frog
37630-1,XR Pelvis Oblique Views
37631-9,XR Pelvis Outlet
24871-6,XR Pelvis Pelvimetry
37616-0,XR Pelvis Single view
37633-5,XR Pelvis Single view W standing
30885-8,XR Pelvis symphysis pubis Views
28561-9,XR Pelvis Views
39360-3,XR Pelvis Views and Inlet and Outlet
39511-1,XR Pelvis Views and Oblique
24745-2,XR Petrous part of temporal bone Views
36659-1,XR Radius and Ulna - bilateral 2 Views
36699-7,XR Radius and Ulna - bilateral AP and Lateral
36742-5,XR Radius and Ulna - bilateral Oblique Views
26146-1,XR Radius and Ulna - bilateral Views
36660-9,XR Radius and Ulna - left 2 Views
36700-3,XR Radius and Ulna - left AP and Lateral
36743-3,XR Radius and Ulna - left Oblique Views
26148-7,XR Radius and Ulna - left Views
37707-7,XR Radius and Ulna - right 2 Views
37708-5,XR Radius and Ulna - right AP and Lateral
37709-3,XR Radius and Ulna - right Oblique Views
69317-6,XR Radius and Ulna - right Single view
26150-3,XR Radius and Ulna - right Views
39376-9,XR Radius and Ulna - right Views and Oblique
36658-3,XR Radius and Ulna 2 Views
36698-9,XR Radius and Ulna AP and Lateral
24891-4,XR Radius and Ulna Views
42687-4,XR Ribs - bilateral 2 Views
48468-3,XR Ribs - bilateral 2 Views and Chest PA
36313-5,XR Ribs - bilateral 3 Views
36328-3,XR Ribs - bilateral 4 Views
39099-7,XR Ribs - bilateral 4 Views and Chest PA
69071-9,XR Ribs - bilateral and Chest Views
69070-1,XR Ribs - bilateral Anterior and Lateral
36958-7,XR Ribs - bilateral AP
79365-3,XR Ribs - bilateral GE 3 Views
48485-7,XR Ribs - bilateral GE 3 Views and Chest PA
26151-1,XR Ribs - bilateral Views
41811-1,XR Ribs - bilateral Views and Chest PA
37066-8,XR Ribs - left 2 Views
36314-3,XR Ribs - left 3 Views
39326-4,XR Ribs - left and Chest Views
38856-1,XR Ribs - left Anterior and Lateral
36959-5,XR Ribs - left AP
48486-5,XR Ribs - left GE 3 Views and Chest PA
38857-9,XR Ribs - left Lateral
42313-7,XR Ribs - left Single view
26152-9,XR Ribs - left Views
41832-7,XR Ribs - left Views and Chest PA
37780-4,XR Ribs - right 2 Views
37781-2,XR Ribs - right 3 Views
37782-0,XR Ribs - right Anterior and Lateral
37783-8,XR Ribs - right AP
48484-0,XR Ribs - right GE 3 Views and Chest PA
37784-6,XR Ribs - right Lateral
42314-5,XR Ribs - right Single view
26153-7,XR Ribs - right Views
42010-9,XR Ribs - right Views and Chest PA
83040-6,XR Ribs - unilateral 2 Views
83042-2,XR Ribs - unilateral 2 Views and Chest AP
83041-4,XR Ribs - unilateral 2 Views and Chest Single view
79366-1,XR Ribs - unilateral and Chest 2 Views
39060-9,XR Ribs 2 Views
39062-5,XR Ribs 3 Views
38073-3,XR Ribs anterior - bilateral Views
38074-1,XR Ribs anterior - left Views
37963-6,XR Ribs anterior - right Views
39064-1,XR Ribs Anterior and Lateral
38868-6,XR Ribs anterior and posterior - left Views
37962-8,XR Ribs anterior and posterior - right Views
37937-0,XR Ribs anterior Views
39050-0,XR Ribs AP
44191-5,XR Ribs GE 3 Views and Chest PA
39053-4,XR Ribs Lateral
38866-0,XR Ribs lower - left Views
37960-2,XR Ribs lower - right Views
42381-4,XR Ribs lower posterior - left Views
39493-2,XR Ribs lower posterior - right Views
39489-0,XR Ribs lower posterior Views
39352-0,XR Ribs posterior - bilateral Views
38869-4,XR Ribs posterior - left Views
37964-4,XR Ribs posterior - right Views
37938-8,XR Ribs posterior Views
38867-8,XR Ribs upper - left Views
37961-0,XR Ribs upper - right Views
39351-2,XR Ribs upper anterior and posterior - left Views
39491-6,XR Ribs upper anterior and posterior - right Views
39353-8,XR Ribs upper posterior - left Views
39492-4,XR Ribs upper posterior - right Views
24899-7,XR Ribs Views
42165-1,XR Ribs Views and Chest PA
83043-0,XR Sacroiliac joint - bilateral 1 or 2 Views
48746-2,XR Sacroiliac joint - bilateral GE 3 Views
36633-6,XR Sacroiliac joint - bilateral Views
36634-4,XR Sacroiliac joint - left Views
37786-1,XR Sacroiliac joint - right Views
48467-5,XR Sacroiliac Joint 1 or 2 Views
44181-6,XR Sacroiliac Joint 2 or 3 Views
37648-3,XR Sacroiliac Joint 3 Views
37649-1,XR Sacroiliac Joint AP and Oblique
37650-9,XR Sacroiliac Joint Ferguson
44189-9,XR Sacroiliac Joint GE 3 Views
37646-7,XR Sacroiliac Joint Limited Views
24900-3,XR Sacroiliac Joint Views
37651-7,XR Sacrum 2 Views
44179-0,XR Sacrum and Coccyx 2 Views
39061-7,XR Sacrum and Coccyx 3 Views
79367-9,XR Sacrum and Coccyx GE 2 Views
24665-2,XR Sacrum and Coccyx Views
37652-5,XR Sacrum AP and Lateral
83044-8,XR Sacrum GE 2 Views
30884-1,XR Sacrum Views
69264-0,XR Sacrum Views W standing
39058-3,XR Salivary gland Views
36714-4,XR Scapula - bilateral AP and Lateral
26154-5,XR Scapula - bilateral Views
37055-1,XR Scapula - bilateral Y
36666-6,XR Scapula - left 2 Views
36715-1,XR Scapula - left AP and Lateral
37124-5,XR Scapula - left AP and Y
26155-2,XR Scapula - left Views
37054-4,XR Scapula - left Y
37787-9,XR Scapula - right 2 Views
37788-7,XR Scapula - right AP and Lateral
37789-5,XR Scapula - right AP and Y
26156-0,XR Scapula - right Views
37790-3,XR Scapula - right Y
37655-8,XR Scapula 2 Views
39048-4,XR Scapula AP
83045-5,XR Scapula AP and Lateral
39366-0,XR Scapula Lateral and outlet
37654-1,XR Scapula Single view
24903-7,XR Scapula Views
37656-6,XR Scapula Y
42435-8,XR Sella turcica 2 Views
42436-6,XR Sella turcica Lateral and Towne
42159-4,XR Sella turcica Views
36667-4,XR Shoulder - bilateral 2 Views
26382-2,XR Shoulder - bilateral 3 Views
37468-6,XR Shoulder - bilateral 30 degree caudal angle
36329-1,XR Shoulder - bilateral 4 Views
36586-6,XR Shoulder - bilateral AP
37080-9,XR Shoulder - bilateral AP and Axillary
37081-7,XR Shoulder - bilateral AP and Axillary and Outlet
39339-7,XR Shoulder - bilateral AP and Axillary and Outlet and 30 degree caudal angle
37126-0,XR Shoulder - bilateral AP and Axillary and Y
36716-9,XR Shoulder - bilateral AP and Lateral
46349-7,XR Shoulder - bilateral AP and Transthoracic
39329-8,XR Shoulder - bilateral AP internal rotation and AP external rotation
39336-3,XR Shoulder - bilateral AP internal rotation and AP external rotation and Axillary
39337-1,XR Shoulder - bilateral AP internal rotation and AP external rotation and Axillary and Outlet
39344-7,XR Shoulder - bilateral AP internal rotation and AP external rotation and Axillary and Y
39343-9,XR Shoulder - bilateral AP internal rotation and AP external rotation and Y
39346-2,XR Shoulder - bilateral AP internal rotation and West Point
36963-7,XR Shoulder - bilateral Axillary
37127-8,XR Shoulder - bilateral Axillary and Y
37035-3,XR Shoulder - bilateral Grashey
37161-7,XR Shoulder - bilateral Grashey and Axillary and Outlet and Zanca
39350-4,XR Shoulder - bilateral Grashey and Outlet and Serendipity
37012-2,XR Shoulder - bilateral Outlet
37152-6,XR Shoulder - bilateral Outlet and Y
36568-4,XR Shoulder - bilateral Single view
37024-7,XR Shoulder - bilateral Stryker Notch
37047-8,XR Shoulder - bilateral Velpeau axillary
26157-8,XR Shoulder - bilateral Views
37050-2,XR Shoulder - bilateral West Point
36668-2,XR Shoulder - left 2 Views
26383-0,XR Shoulder - left 3 Views
69154-3,XR Shoulder - left 3 Views and Axillary
69155-0,XR Shoulder - left 3 Views and Y
36330-9,XR Shoulder - left 4 Views
36677-3,XR Shoulder - left 5 Views
36679-9,XR Shoulder - left 6 Views
42412-7,XR Shoulder - left 90 degree abduction Views
36587-4,XR Shoulder - left AP
37082-5,XR Shoulder - left AP and Axillary and Outlet
37083-3,XR Shoulder - left AP and Axillary and Outlet and Zanca
37084-1,XR Shoulder - left AP and Axillary and Y
69153-5,XR Shoulder - left AP and Grashey and Axillary
37122-9,XR Shoulder - left AP and Stryker Notch
38082-4,XR Shoulder - left AP and Transthoracic
37123-7,XR Shoulder - left AP and West Point
36961-1,XR Shoulder - left AP and West Point and Outlet
37125-2,XR Shoulder - left AP and Y
39328-0,XR Shoulder - left AP internal rotation and AP external rotation
39335-5,XR Shoulder - left AP internal rotation and AP external rotation and Axillary
39338-9,XR Shoulder - left AP internal rotation and AP external rotation and Axillary and Y
39348-8,XR Shoulder - left AP internal rotation and AP external rotation and Y
39325-6,XR Shoulder - left AP internal rotation and Grashey and Axillary and Outlet
39347-0,XR Shoulder - left AP internal rotation and West Point
36964-5,XR Shoulder - left Axillary
37128-6,XR Shoulder - left Axillary and Y
36974-4,XR Shoulder - left Garth
79368-7,XR Shoulder - left GE 2 Views
37473-6,XR Shoulder - left Grashey
37160-9,XR Shoulder - left Grashey and Axillary
37158-3,XR Shoulder - left Grashey and Axillary and Outlet
37538-6,XR Shoulder - left Grashey and Axillary and Y
37157-5,XR Shoulder - left Grashey and Outlet
37162-5,XR Shoulder - left Grashey and Outlet and Serendipity
37167-4,XR Shoulder - left Grashey and West Point
69156-8,XR Shoulder - left Grashey and Y
38004-8,XR Shoulder - left Grashey Views WO and W weight
37136-9,XR Shoulder - left Lateral and Y
37013-0,XR Shoulder - left Outlet
37140-1,XR Shoulder - left Outlet and Y
36569-2,XR Shoulder - left Single view
37025-4,XR Shoulder - left Stryker Notch
37034-6,XR Shoulder - left Transthoracic
37048-6,XR Shoulder - left Velpeau axillary
26158-6,XR Shoulder - left Views
37051-0,XR Shoulder - left West Point
38858-7,XR Shoulder - left Y
37793-7,XR Shoulder - right 2 Views
26384-8,XR Shoulder - right 3 Views
39393-4,XR Shoulder - right 3 Views and Axillary
39394-2,XR Shoulder - right 3 Views and Y
37794-5,XR Shoulder - right 4 Views
37795-2,XR Shoulder - right 5 Views
37796-0,XR Shoulder - right 6 Views
37798-6,XR Shoulder - right AP
38781-1,XR Shoulder - right AP and Axillary and Outlet
38782-9,XR Shoulder - right AP and Axillary and Outlet and Zanca
38783-7,XR Shoulder - right AP and Axillary and Y
69262-4,XR Shoulder - right AP and Grashey and Axillary
37797-8,XR Shoulder - right AP and Stryker Notch
38822-3,XR Shoulder - right AP and Transthoracic
38787-8,XR Shoulder - right AP and West Point
37799-4,XR Shoulder - right AP and West Point and Outlet
38788-6,XR Shoulder - right AP and Y
39395-9,XR Shoulder - right AP internal rotation and AP external rotation
39397-5,XR Shoulder - right AP internal rotation and AP external rotation and West Point
39396-7,XR Shoulder - right AP internal rotation and West Point
37800-0,XR Shoulder - right Axillary
37807-5,XR Shoulder - right Axillary and Y
37801-8,XR Shoulder - right Garth
79369-5,XR Shoulder - right GE 2 Views
38805-8,XR Shoulder - right Grashey
38793-6,XR Shoulder - right Grashey and Axillary
37806-7,XR Shoulder - right Grashey and Axillary and Outlet
38789-4,XR Shoulder - right Grashey and Axillary and Y
38791-0,XR Shoulder - right Grashey and Outlet
38794-4,XR Shoulder - right Grashey and Outlet and Serendipity
38795-1,XR Shoulder - right Grashey and West Point
43790-5,XR Shoulder - right Grashey and Y
38816-5,XR Shoulder - right Grashey Views WO and W weight
39392-6,XR Shoulder - right Internal rotation and External rotation and Axillary
37803-4,XR Shoulder - right Lateral and Y
37802-6,XR Shoulder - right Outlet
37804-2,XR Shoulder - right Outlet and Y
37792-9,XR Shoulder - right Single view
37791-1,XR Shoulder - right Stryker Notch
38779-5,XR Shoulder - right Transthoracic
38780-3,XR Shoulder - right Velpeau axillary
26159-4,XR Shoulder - right Views
37809-1,XR Shoulder - right West Point
37805-9,XR Shoulder - right Y
37840-6,XR Shoulder 2 Views
24908-6,XR Shoulder 3 Views
69265-7,XR Shoulder 4 Views
30750-4,XR Shoulder 5 Views
37842-2,XR Shoulder AP
39401-5,XR Shoulder AP and Grashey and Axillary
37841-4,XR Shoulder AP and Lateral
37839-8,XR Shoulder AP and Lateral and Axillary
39077-3,XR Shoulder AP and Transthoracic
69266-5,XR Shoulder AP and Y
39402-3,XR Shoulder AP internal rotation and AP external rotation
39321-5,XR Shoulder AP internal rotation and AP external rotation and Axillary
37849-7,XR Shoulder Axillary
39403-1,XR Shoulder Axillary and Transcapular
37843-0,XR Shoulder Garth
79370-3,XR Shoulder GE 2 Views
37844-8,XR Shoulder Grashey
69267-3,XR Shoulder Grashey and Axillary and Y
37845-5,XR Shoulder Outlet
30748-8,XR Shoulder Single view
39516-0,XR Shoulder Stryker Notch
39517-8,XR Shoulder Stryker Notch and West Point
24909-4,XR Shoulder Views
30751-2,XR Shoulder West Point
37847-1,XR Shoulder Y
42160-2,XR Shunt Views
43523-0,XR Sinuses 1 or 2 Views
37853-9,XR Sinuses 2 Views
37854-7,XR Sinuses 3 Views
39404-9,XR Sinuses 3 Views and Submentovertex
37855-4,XR Sinuses 4 Views
37856-2,XR Sinuses 5 Views
37857-0,XR Sinuses Caldwell
37852-1,XR Sinuses Caldwell and Waters
43486-0,XR Sinuses GE 3 Views
37858-8,XR Sinuses Lateral
37864-6,XR Sinuses Lateral and Caldwell and Waters
37862-0,XR Sinuses Lateral and Waters
44209-5,XR Sinuses Limited Views
30721-5,XR Sinuses PA and Lateral
37860-4,XR Sinuses PA and Lateral and Caldwell and Waters
37859-6,XR Sinuses PA and Lateral and Waters
37851-3,XR Sinuses Single view
37861-2,XR Sinuses Submentovertex
24916-9,XR Sinuses Views
37863-8,XR Sinuses Waters
38117-8,XR Sinuses Waters upright
37867-9,XR Skull 2 Views
24918-5,XR Skull 3 Views
37868-7,XR Skull 4 Views
24922-7,XR Skull 5 Views
37338-1,XR Skull and Facial bones and Mandible Views
43787-1,XR Skull and Facial bones and Mandible Views for dental measurement
69269-9,XR Skull AP
24919-3,XR Skull AP and Lateral
48695-1,XR Skull base Single view
48697-7,XR Skull base Views
46377-8,XR Skull GE 3 Views
48487-3,XR Skull GE 4 Views
43524-8,XR Skull GE 5 Views
24920-1,XR Skull Lateral
37871-1,XR Skull Lateral and Caldwell and Waters and Towne
37869-5,XR Skull Lateral and Towne
37872-9,XR Skull Lateral crosstable
83046-3,XR Skull LE 3 AP and Lateral Views
43470-4,XR Skull LE 3 Views
48466-7,XR Skull Limited Views
69270-7,XR Skull PA
69271-5,XR Skull PA and Lateral and Waters and Towne
39519-4,XR Skull PA and Right lateral and Left lateral
39521-0,XR Skull PA and Right lateral and Left lateral and Caldwell and Towne
39520-2,XR Skull PA and Right lateral and Left lateral and Towne
24917-7,XR Skull Single view
37026-2,XR Skull Submentovertex
37870-3,XR Skull Towne
28564-3,XR Skull Views
24921-9,XR Skull Waters
37879-4,XR Spine 2 Views
37876-0,XR Spine 4 Views
37877-8,XR Spine AP
24928-4,XR Spine AP and Lateral
24948-2,XR Spine Cervical Odontoid and Cervical axis AP
43785-5,XR Spine cervicothoracic junction AP and Lateral
43781-4,XR Spine cervicothoracic junction Views
44194-9,XR Spine GE 4 Views W right bending and W left bending
39052-6,XR Spine Lateral
37878-6,XR Spine Lateral crosstable
42442-4,XR Spine Lateral W standing
37257-3,XR Spine Lumbar and Sacroiliac Joint 3 Views
37353-0,XR Spine Lumbar and Sacroiliac Joint 5 Views
37259-9,XR Spine Lumbar and Sacrum 3 Views
48473-3,XR Spine Lumbar and Sacrum 4 Views
37355-5,XR Spine Lumbar and Sacrum 5 Views
37260-7,XR Spine Lumbar and Sacrum and Coccyx 3 Views
37356-3,XR Spine Lumbar and Sacrum and Coccyx 5 Views
37341-5,XR Spine Lumbar and Sacrum and Coccyx Views
79371-1,XR Spine Lumbar and Sacrum GE 2 Views
79372-9,XR Spine Lumbar and Sacrum GE 4 Views
79349-7,XR Spine Lumbar and Sacrum GE 6 Views
37340-7,XR Spine Lumbar and Sacrum Views
37515-4,XR Spine lumbosacral junction Lateral spot
37516-2,XR Spine lumbosacral junction Lateral spot W standing
37300-1,XR Spine lumbosacral junction True AP
46340-6,XR Spine lumbosacral junction Views
42689-0,XR Spine Oblique
48748-8,XR Spine Oblique Views
37875-2,XR Spine Single view
69273-1,XR Spine thoracolumbar junction 2 Views
37974-3,XR Spine thoracolumbar junction AP and Lateral
37975-0,XR Spine thoracolumbar junction Views
28613-8,XR Spine Views
42690-8,XR Spine Views W flexion and W extension
30713-2,XR Spine Views W right bending and W left bending
24975-5,XR Spine.lumbar and Sacroiliac joint - bilateral Views
48482-4,XR Sternoclavicular joint - bilateral GE 3 Views
37298-7,XR Sternoclavicular joint - bilateral Serendipity
37323-3,XR Sternoclavicular joint - bilateral Views
37299-5,XR Sternoclavicular joint - left Serendipity
37324-1,XR Sternoclavicular joint - left Views
37808-3,XR Sternoclavicular joint - right Serendipity
37965-1,XR Sternoclavicular joint - right Views
37881-0,XR Sternoclavicular Joint 3 Views
37882-8,XR Sternoclavicular Joint 4 Views
37880-2,XR Sternoclavicular Joint AP
37846-3,XR Sternoclavicular Joint Serendipity
37883-6,XR Sternum 2 Views
83047-1,XR Sternum GE 2 Views
39406-4,XR Sternum Lateral and right anterior oblique
39405-6,XR Sternum Lateral and right oblique and left oblique
37884-4,XR Sternum PA and Lateral and Oblique
24994-6,XR Sternum Views
72876-6,XR Surgical specimen Views
46386-9,XR Teeth Bitewing Views
37350-6,XR Temporomandibular joint - bilateral 5 Views
37546-9,XR Temporomandibular joint - bilateral Open and Closed mouth
37325-8,XR Temporomandibular joint - bilateral Views
48491-5,XR Temporomandibular joint - left Open and Closed mouth
30889-0,XR Temporomandibular joint - left Views
48490-7,XR Temporomandibular joint - right Open and Closed mouth
30890-8,XR Temporomandibular joint - right Views
48699-3,XR Temporomandibular joint - unilateral Open and Closed mouth
25000-1,XR Temporomandibular joint Views
24984-7,XR Thoracic and lumbar spine 2 Views
37658-2,XR Thoracic and lumbar spine 2 Views for scoliosis
39049-2,XR Thoracic and lumbar spine AP
38123-6,XR Thoracic and lumbar spine AP and Lateral
30715-7,XR Thoracic and lumbar spine AP and lateral for scoliosis
42424-2,XR Thoracic and lumbar spine AP and lateral for scoliosis W sitting
39367-8,XR Thoracic and lumbar spine AP and lateral for scoliosis W standing
30714-0,XR Thoracic and lumbar spine AP for scoliosis
42426-7,XR Thoracic and lumbar spine AP for scoliosis W sitting
37659-0,XR Thoracic and lumbar spine AP for scoliosis W standing
42429-1,XR Thoracic and lumbar spine AP for scoliosis W standing and W right bending
42428-3,XR Thoracic and lumbar spine AP for scoliosis W standing in brace
42472-1,XR Thoracic and lumbar spine AP Views for scoliosis in traction
43569-3,XR Thoracic and lumbar spine AP Views for scoliosis upright and supine
42425-9,XR Thoracic and lumbar spine AP Views for scoliosis W standing and W right bending and W left bending and WO bending
44206-1,XR Thoracic and lumbar spine for scoliosis single view
42427-5,XR Thoracic and lumbar spine Lateral for scoliosis W sitting
37660-8,XR Thoracic and lumbar spine Lateral for scoliosis W standing
30716-5,XR Thoracic and lumbar spine Lateral Views for scoliosis
38121-0,XR Thoracic and lumbar spine Single view
42692-4,XR Thoracic and lumbar spine Views
24930-0,XR Thoracic and lumbar spine Views for scoliosis
24929-2,XR Thoracic and lumbar spine Views for scoliosis W flexion and W extension
30717-3,XR Thoracic and lumbar spine Views for scoliosis W standing
38124-4,XR Thoracic and lumbar spine Views W standing
37905-7,XR Thoracic spine 2 Views
69274-9,XR Thoracic spine 2 Views W standing
37906-5,XR Thoracic spine 3 Views
48472-5,XR Thoracic spine 3 Views and Swimmers
42443-2,XR Thoracic spine 3 Views W standing
37907-3,XR Thoracic spine 4 Views
39413-0,XR Thoracic spine 4 Views and Oblique
39407-2,XR Thoracic spine 5 Views and Oblique
30752-0,XR Thoracic spine AP
30753-8,XR Thoracic spine AP and Lateral
37908-1,XR Thoracic spine AP and Lateral and oblique
38009-7,XR Thoracic spine AP and Lateral and Swimmers
39410-6,XR Thoracic spine AP W left bending
39411-4,XR Thoracic spine AP W right bending
30756-1,XR Thoracic spine Lateral
37903-2,XR Thoracic spine Lateral crosstable
38010-5,XR Thoracic spine Lateral Views W flexion and W extension
37909-9,XR Thoracic spine Lateral W hyperextension
37910-7,XR Thoracic spine Lateral W standing
30758-7,XR Thoracic spine Oblique
48749-6,XR Thoracic spine Oblique Views
37904-0,XR Thoracic spine Single view
24983-9,XR Thoracic spine Views
39414-8,XR Thoracic spine Views and Oblique
39412-2,XR Thoracic spine Views and Swimmers
42445-7,XR Thoracic spine Views AP W left bending and WO bending
42444-0,XR Thoracic spine Views AP W right bending and W left bending and WO bending
42446-5,XR Thoracic spine Views AP W right bending and WO bending
69275-6,XR Thoracic spine Views W standing
26160-2,XR Thumb - bilateral Views
37563-4,XR Thumb - bilateral Views W manual stress
36315-0,XR Thumb - left 3 Views
36736-7,XR Thumb - left AP and Lateral and oblique
43488-6,XR Thumb - left GE 3 Views
26161-0,XR Thumb - left Views
37564-2,XR Thumb - left Views W manual stress
37812-5,XR Thumb - right 3 Views
37813-3,XR Thumb - right AP and Lateral and oblique
43493-6,XR Thumb - right GE 3 Views
26162-8,XR Thumb - right Views
37814-1,XR Thumb - right Views W manual stress
37888-5,XR Thumb 3 Views
37890-1,XR Thumb AP
37889-3,XR Thumb AP and Lateral
37891-9,XR Thumb Lateral
37892-7,XR Thumb Oblique
25006-8,XR Thumb Views
37513-9,XR Tibia - bilateral 10 degree caudal angle
37514-7,XR Tibia - left 10 degree caudal angle
38806-6,XR Tibia - right 10 degree caudal angle
36671-6,XR Tibia and Fibula - bilateral 2 Views
36717-7,XR Tibia and Fibula - bilateral AP and Lateral
26163-6,XR Tibia and Fibula - bilateral Views
38874-4,XR Tibia and Fibula - left 2 Oblique Views
36672-4,XR Tibia and Fibula - left 2 Views
36718-5,XR Tibia and Fibula - left AP and Lateral
36749-0,XR Tibia and Fibula - left Oblique Views
69313-5,XR Tibia and Fibula - left Single view
26164-4,XR Tibia and Fibula - left Views
38114-5,XR Tibia and Fibula - right 2 Oblique Views
37815-8,XR Tibia and Fibula - right 2 Views
37816-6,XR Tibia and Fibula - right AP and Lateral
37817-4,XR Tibia and Fibula - right Oblique Views
69321-8,XR Tibia and Fibula - right Single view
26165-1,XR Tibia and Fibula - right Views
39398-3,XR Tibia and Fibula - right Views and Oblique
37895-0,XR Tibia and Fibula 2 Views
37897-6,XR Tibia and Fibula AP
37896-8,XR Tibia and Fibula AP and Lateral
83048-9,XR Tibia and Fibula GE 3 Views
37893-5,XR Tibia and Fibula Lateral
36894-4,XR Tibia and Fibula Oblique Views
37894-3,XR Tibia and Fibula Single view
25011-8,XR Tibia and Fibula Views
37899-2,XR Tibia and Fibula Views W standing
37530-3,XR Toe fifth - left Views
38151-7,XR Toe fifth - right Views
37531-1,XR Toe fourth - left Views
38150-9,XR Toe fourth - right Views
79373-7,XR Toe GE 2 Views
37534-5,XR Toe second - left Views
38148-3,XR Toe second - right Views
37535-2,XR Toe third - left Views
38149-1,XR Toe third - right Views
37348-0,XR Toes - bilateral 2 Views
26166-9,XR Toes - bilateral Views
36673-2,XR Toes - left 2 Views
36316-8,XR Toes - left 3 Views
36719-3,XR Toes - left AP and Lateral
26167-7,XR Toes - left Views
37209-4,XR Toes - left Views W standing
37821-6,XR Toes - right 2 Views
37820-8,XR Toes - right 3 Views
37822-4,XR Toes - right AP and Lateral
26168-5,XR Toes - right Views
37823-2,XR Toes - right Views W standing
37902-4,XR Toes 2 Views
39075-7,XR Toes AP and Oblique
25013-4,XR Toes Views
30762-9,XR tomography Abdomen
35939-8,XR tomography Ankle
35943-0,XR tomography Ankle - left
37674-9,XR tomography Ankle - right
36011-5,XR tomography Calcaneus
36068-5,XR tomography Cervical spine
24657-9,XR tomography Chest
35959-6,XR tomography Clavicle
35963-8,XR tomography Elbow
35964-6,XR tomography Elbow - bilateral
35967-9,XR tomography Elbow - left
37688-9,XR tomography Elbow - right
35970-3,XR tomography Extremity
35985-1,XR tomography Femur
35986-9,XR tomography Femur - bilateral
35988-5,XR tomography Femur - left
38768-8,XR tomography Femur - right
35992-7,XR tomography Foot
35995-0,XR tomography Foot - left
37706-9,XR tomography Foot - right
36001-6,XR tomography Gallbladder
36003-2,XR tomography Hand
36006-5,XR tomography Hand - left
37717-6,XR tomography Hand - right
36012-3,XR tomography Hip
36015-6,XR tomography Hip - bilateral
36019-8,XR tomography Hip - left
37735-8,XR tomography Hip - right
36024-8,XR tomography Humerus
24767-6,XR tomography Internal auditory canal
26253-5,XR tomography Internal auditory canal - bilateral
26254-3,XR tomography Internal auditory canal - left
26255-0,XR tomography Internal auditory canal - right
36032-1,XR tomography Kidney
24789-0,XR tomography Kidney - bilateral
30760-3,XR tomography Kidney - bilateral 3 views W contrast IV
24790-8,XR tomography Kidney - bilateral W contrast IV
24784-1,XR tomography Kidney - bilateral WO and W contrast IV
39359-5,XR tomography Kidney - bilateral WO contrast
24787-4,XR tomography Kidney - bilateral WO contrast and 10M post contrast IV
36038-8,XR tomography Knee
36039-6,XR tomography Knee - bilateral
36042-0,XR tomography Knee - left
37760-6,XR tomography Knee - right
36044-6,XR tomography Larynx
35972-9,XR tomography Lower extremity
35977-8,XR tomography Lower extremity - left
37766-3,XR tomography Lower extremity - right
36069-3,XR tomography Lumbar spine
36048-7,XR tomography Mandible
24828-6,XR tomography Mandible Panoramic
36776-3,XR tomography Mastoid
37233-4,XR tomography Mediastinum
37606-1,XR tomography Nasal bones
37611-1,XR tomography Orbit - bilateral
37632-7,XR tomography Pelvis
37653-3,XR tomography Sacrum
42437-4,XR tomography Sella turcica
37850-5,XR tomography Shoulder
36065-1,XR tomography Shoulder - left
37811-7,XR tomography Shoulder - right
37866-1,XR tomography Sinuses
37874-5,XR tomography Skull
37885-1,XR tomography Sternum
30719-9,XR tomography Temporomandibular joint
37227-6,XR tomography Temporomandibular joint - bilateral
37229-2,XR tomography Temporomandibular joint - left
37819-0,XR tomography Temporomandibular joint - right
37911-5,XR tomography Thoracic spine
39408-0,XR tomography Thoracic spine AP
39409-8,XR tomography Thoracic spine lateral
37898-4,XR tomography Tibia and Fibula
25071-2,XR tomography Unspecified body region
37923-0,XR tomography Upper extremity
37932-1,XR tomography Wrist
37429-8,XR tomography Wrist - bilateral
37432-2,XR tomography Wrist - left
37644-2,XR tomography Wrist - right
44238-4,XR Trachea Views
25062-1,XR Unspecified body region Comparison view
42402-8,XR Unspecified body region Post morten Views
43468-8,XR Unspecified body region Views
43469-6,XR Unspecified body region Views for foreign body
39056-7,XR Unspecified body region Views W manual stress
26115-6,XR Upper extremity - bilateral Views
26116-4,XR Upper extremity - left Views
26117-2,XR Upper extremity - right Views
37922-2,XR Upper extremity 2 Views
83049-7,XR Upper extremity GE 2 Views
24689-2,XR Upper extremity Views
37482-7,XR Wrist - bilateral 2 Views
37454-6,XR Wrist - bilateral 3 Views
37070-0,XR Wrist - bilateral 4 Views
48738-9,XR Wrist - bilateral and Hand - bilateral 3 Views
26352-5,XR Wrist - bilateral and Hand - bilateral Bone age Views
43796-2,XR Wrist - bilateral Carpal tunnel Views
48483-2,XR Wrist - bilateral GE 3 Views
36739-1,XR Wrist - bilateral Limited Views
37544-4,XR Wrist - bilateral Oblique Views
36624-5,XR Wrist - bilateral PA
37547-7,XR Wrist - bilateral PA and Lateral
37549-3,XR Wrist - bilateral PA and Lateral and Oblique
42813-6,XR Wrist - bilateral scaphoid single view
37304-3,XR Wrist - bilateral Scaphoid Views
42419-2,XR Wrist - bilateral Single view
36968-6,XR Wrist - bilateral Single view W clenched fist
37045-2,XR Wrist - bilateral Ulnar deviation
69072-7,XR Wrist - bilateral Ulnar deviation and Radial deviation
26169-3,XR Wrist - bilateral Views
38843-9,XR Wrist - left 2 Carpal tunnel Views
37483-5,XR Wrist - left 2 Views
69151-9,XR Wrist - left 3 Scaphoid Views
37455-3,XR Wrist - left 3 Views
37071-8,XR Wrist - left 4 Views
37072-6,XR Wrist - left 5 Views
37074-2,XR Wrist - left 6 Views
36683-1,XR Wrist - left 8 Views
26353-3,XR Wrist - left and Hand - left Bone age Views
51392-9,XR Wrist - left and Hand - left Views
38860-3,XR Wrist - left AP and Lateral
38842-1,XR Wrist - left Carpal tunnel
46346-3,XR Wrist - left GE 3 Views
69157-6,XR Wrist - left Lateral Views W flexion and W extension
36971-0,XR Wrist - left Lateral W extension
36972-8,XR Wrist - left Lateral W flexion
38838-9,XR Wrist - left Limited Views
38839-7,XR Wrist - left Oblique Views
37548-5,XR Wrist - left PA and Lateral
37550-1,XR Wrist - left PA and Lateral and Oblique
39324-9,XR Wrist - left PA W clenched fist
42814-4,XR Wrist - left scaphoid single view
37302-7,XR Wrist - left Scaphoid Views
36570-0,XR Wrist - left Single view
37044-5,XR Wrist - left Ulnar deviation
37555-0,XR Wrist - left Ulnar deviation and Radial deviation
26170-1,XR Wrist - left Views
37678-0,XR Wrist - right 2 Carpal tunnel Views
37826-5,XR Wrist - right 2 Views
37827-3,XR Wrist - right 3 Views
39399-1,XR Wrist - right 3 Views and Carpal tunnel
39364-5,XR Wrist - right 3 Views and Radial deviation
39365-2,XR Wrist - right 3 Views and Ulnar deviation
37828-1,XR Wrist - right 4 Views
37829-9,XR Wrist - right 5 Views
37830-7,XR Wrist - right 6 Views
37831-5,XR Wrist - right 8 Views
26354-1,XR Wrist - right and Hand - right Bone age Views
51388-7,XR Wrist - right and Hand - right Views
37832-3,XR Wrist - right AP and Lateral
37677-2,XR Wrist - right Carpal tunnel
46343-0,XR Wrist - right GE 3 Views
39515-2,XR Wrist - right Lateral Views W flexion and W extension
37833-1,XR Wrist - right Lateral W extension
37834-9,XR Wrist - right Lateral W flexion
37642-6,XR Wrist - right Limited Views
37643-4,XR Wrist - right Oblique Views
37835-6,XR Wrist - right PA and Lateral
37836-4,XR Wrist - right PA and Lateral and Oblique
69263-2,XR Wrist - right PA W clenched fist
42811-0,XR Wrist - right scaphoid single view
38115-2,XR Wrist - right Scaphoid Views
37825-7,XR Wrist - right Single view
37645-9,XR Wrist - right Ulnar deviation
38808-2,XR Wrist - right Ulnar deviation and Radial deviation
26171-9,XR Wrist - right Views
39400-7,XR Wrist - right Views and Carpal tunnel
83050-5,XR Wrist 1 or 2 Views
37925-5,XR Wrist 2 Views
37926-3,XR Wrist 3 Views
38155-8,XR Wrist 4 Views
38156-6,XR Wrist 6 Views
48737-1,XR Wrist and Hand 3 Views
24724-7,XR Wrist and Hand Bone age Views
30793-4,XR Wrist AP and Lateral
37927-1,XR Wrist AP and Lateral and oblique
37928-9,XR Wrist Brewerton
44190-7,XR Wrist GE 3 Views
37930-5,XR Wrist Lateral
37929-7,XR Wrist Lateral Views W flexion and W extension
37931-3,XR Wrist PA
42812-8,XR Wrist scaphoid single view
38107-9,XR Wrist Scaphoid Views
37924-8,XR Wrist Single view
69302-8,XR Wrist Single view W clenched fist
69303-6,XR Wrist Ulnar deviation and Radial deviation
69304-4,XR Wrist Ulnar deviation Views
24619-9,XR Wrist Views
26172-7,XR Zygomatic arch - bilateral Views
26173-5,XR Zygomatic arch - left Views
26174-3,XR Zygomatic arch - right Views
69305-1,XR Zygomatic arch 2 Views
37933-9,XR Zygomatic arch 3 Views
37934-7,XR Zygomatic arch 4 Views
25074-6,XR Zygomatic arch Views
42397-0,XR.stereoscopic Chest Frontal Views
42471-3,XR.stereoscopic Pelvis Single view
42473-9,XR.stereoscopic Sinuses Waters
42474-7,XR.stereoscopic Skull Single view